{"res/atlas/comp.atlas":["comp/",["btn_close.png","button.png","check_circle.png","checkbox.png","clip_num.png","clip_tree_arrow.png","clip_tree_folder.png","combobox.png","fontClip.png","fontClip_num.png","hscroll$bar.png","hscroll$down.png","hscroll$up.png","hscroll.png","hslider$bar.png","hslider.png","html.png","image.png","img_bg.png","img_bg2.png","img_bg3.png","img_bg4.png","img_bg5.png","img_blank.png","label.png","progress$bar.png","progress.png","radio.png","radiogroup.png","tab.png","textarea.png","textinput.png","vscroll$bar.png","vscroll$down.png","vscroll$up.png","vscroll.png","vslider$bar.png","vslider.png"]],"res/atlas/Frame/Effects.atlas":["Frame/Effects/",["cir_black.png","cir_blue.png","cir_bluish.png","cir_cyan.png","cir_grass.png","cir_green.png","cir_orange.png","cir_pink.png","cir_purple.png","cir_red.png","cir_white.png","cir_yellow.png","star_black.png","star_blue.png","star_bluish.png","star_cyan.png","star_grass.png","star_green.png","star_orange.png","star_pink.png","star_purple.png","star_red.png","star_white.png","star_yellow.png","ui_Circular_l_blue.png","ui_Circular_l_cyan.png","ui_Circular_l_green.png","ui_Circular_l_orange.png","ui_Circular_l_pink.png","ui_Circular_l_red.png","ui_Circular_l_violet.png","ui_Circular_l_white.png","ui_Circular_l_yellow.png","ui_square_guang1.png","ui_square_guang2.png"]],"res/atlas/Frame/UI.atlas":["Frame/UI/",["icon_execution.png","icon_gold.png","icon_set.png","reverseMask.png","ui__l_orthogon_blue.png","ui__l_orthogon_cycn.png","ui__l_orthogon_green.png","ui__l_orthogon_magenta.png","ui__l_orthogon_orange.png","ui__l_orthogon_red.png","ui__l_orthogon_white.png","ui__l_orthogon_yellow.png","ui_circle_001.png","ui_circle_002.png","ui_circle_003.png","ui_circle_004.png","ui_circle_005.png","ui_circle_006.png","ui_circle_007.png","ui_circle_008.png","ui_circle_009.png","ui_circle_010.png","ui_circle_011.png","ui_circle_012.png","ui_circle_c_001.png","ui_circle_c_002.png","ui_circle_c_003.png","ui_circle_c_004.png","ui_circle_c_005.png","ui_circle_c_006.png","ui_circle_c_007.png","ui_circle_c_008.png","ui_circle_c_009.png","ui_circle_c_010.png","ui_circle_c_011.png","ui_circle_c_012.png","ui_l_orthogon_purple.png","ui_orthogon_black.png","ui_orthogon_blue.png","ui_orthogon_cycn.png","ui_orthogon_gray.png","ui_orthogon_green.png","ui_orthogon_magenta.png","ui_orthogon_orange.png","ui_orthogon_purple.png","ui_orthogon_red.png","ui_orthogon_wihet.png","ui_orthogon_yellow.png","ui_square_001.png","ui_square_002.png","ui_square_003.png","ui_square_004.png","ui_square_005.png","ui_square_006.png","ui_square_007.png","ui_square_008.png","ui_square_009.png","ui_square_010.png","ui_square_011.png","ui_square_012.png","ui_square_c_001.png","ui_square_c_002.png","ui_square_c_003.png","ui_square_c_004.png","ui_square_c_005.png","ui_square_c_006.png","ui_square_c_007.png","ui_square_c_008.png","ui_square_c_009.png","ui_square_c_010.png","ui_square_c_011.png","ui_square_c_012.png"]],"res/atlas/Game/UI/Common.atlas":["Game/UI/Common/",["3ci.png","anniu.png","anniu1.png","congxin.png","douyao.png","fanhui.png","jinbi.png","kanshipin.png","kuohao.png","lingqu.png","qiandao.png","sanbei.png","shiping.png","x.png","xiayiguan.png","yuan-1.png","yuan-2.png","yuan.png","yuan2.png","yuanhaung-1.png","yuanhaung-2.png","zaikai.png"]],"res/atlas/Game/UI/GameScene.atlas":["Game/UI/GameScene/",["baidi.png","baidi2.png","budui.png","dui.png","heidi.png","hong.png","qipao.png","shanchu.png","shuxing.png","wen.png","wode.png"]],"res/atlas/Game/UI/UIAdsHint.atlas":["Game/UI/UIAdsHint/",["queding.png","tishi.png","zi.png"]],"res/atlas/Game/UI/UICard.atlas":["Game/UI/UICard/",["jiesuo1.png","jiesuo2.png"]],"res/atlas/Game/UI/UICheckIn.atlas":["Game/UI/UICheckIn/",["3bei.png","biaoti.png","jitian.png"]],"res/atlas/Game/UI/UIDefeated.atlas":["Game/UI/UIDefeated/",["shibai.png"]],"res/atlas/Game/UI/UIDrawCard/Card.atlas":["Game/UI/UIDrawCard/Card/",["atm1.jpg","atm2.jpg","atm3.jpg","atm4.jpg","atm5.jpg","cxk1.jpg","cxk2.jpg","cxk3.jpg","cxk4.jpg","cxk5.jpg","cxy1.jpg","cxy2.jpg","cxy3.jpg","cxy4.jpg","cxy5.jpg","lyy1.jpg","lyy2.jpg","lyy3.jpg","lyy4.jpg","lyy5.jpg","scp1.jpg","scp2.jpg","scp3.jpg","scp4.jpg","wdsj1.jpg","wdsj2.jpg","wdsj3.jpg","wdsj4.jpg","wdsj5.jpg","wdsj6.jpg","wdsj7.jpg","wdsj8.jpg","wdsj9.jpg","wzry1.jpg","wzry2.jpg","wzry3.jpg","wzry4.jpg","wzry5.jpg","wzry6.jpg","wzry7.jpg","xxs1.jpg","xxs2.jpg","xxs3.jpg","xxs4.jpg","xxs5.jpg","zds1.jpg","zds2.jpg","zds3.jpg","zds4.jpg","zds5.jpg"]],"res/atlas/Game/UI/UIDrawCard.atlas":["Game/UI/UIDrawCard/",["R.png","SR.png","SSR.png","UR.png","gongxi.png","guang-1.png","guang-2.png","guang-3.png","kuang.png","mianfei.png","mojing.png","qidong.png","shenyu.png","shuzi4.png","xin.png"]],"res/atlas/Game/UI/UILoding.atlas":["Game/UI/UILoding/",["jiazai.png","jindu1.png","jindu2.png"]],"res/atlas/Game/UI/UIPropTry.atlas":["Game/UI/UIPropTry/",["biaoti.png","di.png","kan.png","qiandi.png","shanchu.png","shuxin.png"]],"res/atlas/Game/UI/UIResurgence.atlas":["Game/UI/UIResurgence/",["fuhuo.png","fuhuoanniu.png","hongkuang.png","jujue.png","jujue2.png","xin.png"]],"res/atlas/Game/UI/UISet.atlas":["Game/UI/UISet/",["di1.png","di2.png","guan.png","kai.png","shehzi.png","yinxiao.png","yinyue.png","zhendong.png"]],"res/atlas/Game/UI/UIShare.atlas":["Game/UI/UIShare/",["tioaguo.png","x.png"]],"res/atlas/Game/UI/UISkinQualified.atlas":["Game/UI/UISkinQualified/",["1.png","2.png","3.png","4.png","5.png","6.png","7.png","shipin.png","shuzi-1.png","shuzi.png","taoka.png","xingxing.png","zi.png"]],"res/atlas/Game/UI/UIStart.atlas":["Game/UI/UIStart/",["gengduo.png","guang.png","hongdain.png","jinbi.png","jinbidi.png","jindu-1.png","jindu-2.png","kaishi.png","kapai.png","katao.png","paihang.png","qiandao.png","shezhi.png","shilian.png","zhentan-1.png","zhentan-2.png","zhentan-4.png","zhentan-8.png","zhentan-huanguang.png","zhentan-huanguang2.png","zhentan-pai1.png","zhentan-pai2.png","zhentan-tiao1.png","zhentan-tiao2.png"]],"res/atlas/Game/UI/UIVictory.atlas":["Game/UI/UIVictory/",["chenggong.png","dajia.png","fa.png","icon-kuang.png","jinbidi.png","qipao.png"]],"res/atlas/Game/UI/UIVictoryBox.atlas":["Game/UI/UIVictoryBox/",["3ci.png","baoxiang2.png","baoxiang3.png","baoxiang_adv.png","biaoti.png","buxiexie.png","di.png","liwu.png","xingxing.png"]],"res/atlas/TJ/Promo/image.atlas":["TJ/Promo/image/",["cnxh.png","di2.png","gdyx.png","gdyx2.png","gdyx3.png","hb2.png","jx10.png","jx14.png","kk1.png","kk2.png","kk3.png","new2.png","remen1.png","rm3.png","sw.png","swdjl.png","tc2.png","tc23.png","tc3.png","tishi.png","tuijian2.png","y1.png","yjjx14.png","zt_1_10.png"]],"res/atlas/UI/Common.atlas":["UI/Common/",["3ci.png","anniu.png","anniu1.png","congxin.png","douyao.png","jinbi.png","kanshipin.png","qiandao.png","sanbei.png","xiayiguan.png","yuan-1.png","yuan-2.png","yuan.png","yuan2.png","yuanhaung-1.png","yuanhaung-2.png","zaikai.png"]],"res/atlas/UI/GameScene.atlas":["UI/GameScene/",["baidi.png","budui.png","dui.png","fanhui.png","heidi.png","hong.png","qipao.png","shanchu.png","shuxing.png","wen.png","wode.png"]],"res/atlas/UI/UILoding.atlas":["UI/UILoding/",["jiazai.png","jindu1.png","jindu2.png"]],"res/atlas/UI/UIStart.atlas":["UI/UIStart/",["gengduo.png","guang.png","hongdain.png","jinbi.png","jinbidi.png","jindu-1.png","jindu-2.png","kaishi.png","kapai.png","katao.png","paihang.png","qiandao.png","shezhi.png","shilian.png","zhentan-1.png","zhentan-2.png","zhentan-4.png","zhentan-8.png","zhentan-huanguang.png","zhentan-huanguang2.png","zhentan-pai1.png","zhentan-pai2.png","zhentan-tiao1.png","zhentan-tiao2.png"]]}