{ 
"RECORDS": 
[
  {
    "name": "zds1",
    "ChName": "张东升1",
    "featureArr": [
      1,
      4,
      9,
      11,
      15,
      21,
      23,
      25
    ],
    "quality": "R",
    "price": 300,
    "repetition": 25
  },
  {
    "name": "zds2",
    "ChName": "张东升2",
    "featureArr": [
      2,
      5,
      15,
      19,
      20,
      22,
      25
    ],
    "quality": "R",
    "price": 300,
    "repetition": 25
  },
  {
    "name": "zds3",
    "ChName": "张东升3",
    "featureArr": [
      3,
      6,
      11,
      15,
      21,
      23,
      25
    ],
    "quality": "R",
    "price": 300,
    "repetition": 25
  },
  {
    "name": "zds4",
    "ChName": "张东升4",
    "featureArr": [
      2,
      7,
      15,
      19,
      20,
      25
    ],
    "quality": "R",
    "price": 300,
    "repetition": 25
  },
  {
    "name": "zds5",
    "ChName": "张东升5",
    "featureArr": [
      1,
      8,
      11,
      15,
      21,
      23,
      25
    ],
    "quality": "R",
    "price": 300,
    "repetition": 25
  },
  {
    "name": "lyy1",
    "ChName": "林有有1",
    "featureArr": [
      1,
      4,
      14,
      22,
      26
    ],
    "quality": "R",
    "price": 300,
    "repetition": 25
  },
  {
    "name": "lyy2",
    "ChName": "林有有2",
    "featureArr": [
      2,
      5,
      9,
      11,
      14,
      23,
      26
    ],
    "quality": "R",
    "price": 300,
    "repetition": 25
  },
  {
    "name": "lyy3",
    "ChName": "林有有3",
    "featureArr": [
      3,
      6,
      14,
      22,
      26
    ],
    "quality": "R",
    "price": 300,
    "repetition": 25
  },
  {
    "name": "lyy4",
    "ChName": "林有有4",
    "featureArr": [
      2,
      7,
      9,
      11,
      14,
      23,
      26
    ],
    "quality": "R",
    "price": 300,
    "repetition": 25
  },
  {
    "name": "lyy5",
    "ChName": "林有有5",
    "featureArr": [
      1,
      8,
      14,
      26
    ],
    "quality": "R",
    "price": 300,
    "repetition": 25
  },
  {
    "name": "cxk1",
    "ChName": "蔡徐坤1",
    "featureArr": [
      1,
      4,
      9,
      14,
      18,
      21,
      23,
      25
    ],
    "quality": "R",
    "price": 300,
    "repetition": 25
  },
  {
    "name": "cxk2",
    "ChName": "蔡徐坤2",
    "featureArr": [
      2,
      5,
      15,
      18,
      19,
      25
    ],
    "quality": "R",
    "price": 300,
    "repetition": 25
  },
  {
    "name": "cxk3",
    "ChName": "蔡徐坤3",
    "featureArr": [
      3,
      6,
      16,
      18,
      21,
      22,
      23,
      25
    ],
    "quality": "R",
    "price": 300,
    "repetition": 25
  },
  {
    "name": "cxk4",
    "ChName": "蔡徐坤4",
    "featureArr": [
      2,
      7,
      17,
      18,
      19,
      25
    ],
    "quality": "R",
    "price": 300,
    "repetition": 25
  },
  {
    "name": "cxk5",
    "ChName": "蔡徐坤5",
    "featureArr": [
      1,
      8,
      9,
      15,
      18,
      21,
      23,
      25
    ],
    "quality": "R",
    "price": 300,
    "repetition": 25
  },
  {
    "name": "cxy1",
    "ChName": "程序员1",
    "featureArr": [
      1,
      4,
      9,
      16,
      25
    ],
    "quality": "R",
    "price": 300,
    "repetition": 25
  },
  {
    "name": "cxy2",
    "ChName": "程序员2",
    "featureArr": [
      2,
      5,
      11,
      16,
      20,
      21,
      23,
      26
    ],
    "quality": "R",
    "price": 300,
    "repetition": 25
  },
  {
    "name": "cxy3",
    "ChName": "程序员3",
    "featureArr": [
      3,
      6,
      9,
      16,
      22,
      25
    ],
    "quality": "R",
    "price": 300,
    "repetition": 25
  },
  {
    "name": "cxy4",
    "ChName": "程序员4",
    "featureArr": [
      2,
      7,
      11,
      16,
      20,
      21,
      23,
      26
    ],
    "quality": "R",
    "price": 300,
    "repetition": 25
  },
  {
    "name": "cxy5",
    "ChName": "程序员5",
    "featureArr": [
      1,
      8,
      9,
      16,
      25
    ],
    "quality": "R",
    "price": 300,
    "repetition": 25
  },
  {
    "name": "xxs1",
    "ChName": "小学生1",
    "featureArr": [
      1,
      4,
      11,
      17,
      21,
      23,
      26
    ],
    "quality": "R",
    "price": 300,
    "repetition": 25
  },
  {
    "name": "xxs2",
    "ChName": "小学生2",
    "featureArr": [
      2,
      5,
      17,
      25
    ],
    "quality": "R",
    "price": 300,
    "repetition": 25
  },
  {
    "name": "xxs3",
    "ChName": "小学生3",
    "featureArr": [
      3,
      6,
      11,
      17,
      21,
      23,
      26
    ],
    "quality": "R",
    "price": 300,
    "repetition": 25
  },
  {
    "name": "xxs4",
    "ChName": "小学生4",
    "featureArr": [
      2,
      7,
      17,
      25
    ],
    "quality": "R",
    "price": 300,
    "repetition": 25
  },
  {
    "name": "xxs5",
    "ChName": "小学生5",
    "featureArr": [
      1,
      8,
      9,
      11,
      17,
      21,
      23,
      26
    ],
    "quality": "R",
    "price": 300,
    "repetition": 25
  },
  {
    "name": "scp1",
    "ChName": "scp1",
    "featureArr": [
      1,
      4,
      13,
      14,
      19,
      20
    ],
    "quality": "SR",
    "price": -1,
    "repetition": 50
  },
  {
    "name": "scp2",
    "ChName": "scp2",
    "featureArr": [
      2,
      5,
      13,
      15,
      20,
      21,
      26
    ],
    "quality": "SR",
    "price": -1,
    "repetition": 50
  },
  {
    "name": "scp3",
    "ChName": "scp3",
    "featureArr": [
      3,
      6,
      13,
      16,
      19,
      20
    ],
    "quality": "SR",
    "price": -1,
    "repetition": 50
  },
  {
    "name": "scp4",
    "ChName": "scp4",
    "featureArr": [
      2,
      7,
      9,
      13,
      17,
      20,
      21,
      26
    ],
    "quality": "SR",
    "price": -1,
    "repetition": 50
  },
  {
    "name": "atm1",
    "ChName": "奥特曼之王",
    "featureArr": [
      1,
      4,
      14,
      20,
      22,
      24,
      25
    ],
    "quality": "SR",
    "price": -1,
    "repetition": 50
  },
  {
    "name": "atm2",
    "ChName": "奥特曼2",
    "featureArr": [
      2,
      5,
      9,
      15,
      20,
      23,
      24,
      25
    ],
    "quality": "SR",
    "price": -1,
    "repetition": 50
  },
  {
    "name": "atm3",
    "ChName": "奥特曼3",
    "featureArr": [
      3,
      6,
      16,
      19,
      20,
      24,
      25
    ],
    "quality": "SR",
    "price": -1,
    "repetition": 50
  },
  {
    "name": "atm4",
    "ChName": "奥特曼4",
    "featureArr": [
      2,
      7,
      9,
      17,
      20,
      23,
      24,
      25
    ],
    "quality": "SR",
    "price": -1,
    "repetition": 50
  },
  {
    "name": "atm5",
    "ChName": "奥特曼5",
    "featureArr": [
      1,
      8,
      19,
      20,
      24,
      25
    ],
    "quality": "SR",
    "price": -1,
    "repetition": 50
  },
  {
    "name": "wzry1",
    "ChName": "鲁班",
    "featureArr": [
      3,
      4,
      10,
      17,
      20,
      24,
      25
    ],
    "quality": "UR",
    "price": -1,
    "repetition": -1
  },
  {
    "name": "wzry2",
    "ChName": "妲己",
    "featureArr": [
      2,
      5,
      9,
      10,
      14,
      20,
      21,
      24,
      26
    ],
    "quality": "UR",
    "price": -1,
    "repetition": -1
  },
  {
    "name": "wzry3",
    "ChName": "猪八戒",
    "featureArr": [
      1,
      7,
      10,
      15,
      20,
      24,
      25
    ],
    "quality": "UR",
    "price": -1,
    "repetition": -1
  },
  {
    "name": "wzry4",
    "ChName": "孙悟空",
    "featureArr": [
      2,
      8,
      10,
      15,
      20,
      21,
      22,
      24,
      25
    ],
    "quality": "UR",
    "price": -1,
    "repetition": -1
  },
  {
    "name": "wzry5",
    "ChName": "牛魔",
    "featureArr": [
      1,
      8,
      10,
      16,
      20,
      24,
      25
    ],
    "quality": "UR",
    "price": -1,
    "repetition": -1
  },
  {
    "name": "wzry6",
    "ChName": "杨戬",
    "featureArr": [
      3,
      7,
      9,
      10,
      16,
      20,
      24,
      25
    ],
    "quality": "UR",
    "price": -1,
    "repetition": -1
  },
  {
    "name": "wzry7",
    "ChName": "哪吒",
    "featureArr": [
      3,
      5,
      10,
      15,
      20,
      24,
      25
    ],
    "quality": "UR",
    "price": -1,
    "repetition": -1
  },
  {
    "name": "wdsj1",
    "ChName": "方块人1",
    "featureArr": [
      1,
      4,
      9,
      11,
      12,
      14,
      20,
      23,
      26
    ],
    "quality": "SSR",
    "price": -1,
    "repetition": 300
  },
  {
    "name": "wdsj2",
    "ChName": "方块人2",
    "featureArr": [
      2,
      5,
      12,
      15,
      19,
      21,
      25
    ],
    "quality": "SSR",
    "price": -1,
    "repetition": 300
  },
  {
    "name": "wdsj3",
    "ChName": "方块人3",
    "featureArr": [
      3,
      6,
      11,
      12,
      16,
      20,
      23,
      26
    ],
    "quality": "SSR",
    "price": -1,
    "repetition": 300
  },
  {
    "name": "wdsj4",
    "ChName": "方块人4",
    "featureArr": [
      1,
      7,
      12,
      17,
      19,
      21,
      25
    ],
    "quality": "SSR",
    "price": -1,
    "repetition": 300
  },
  {
    "name": "wdsj5",
    "ChName": "方块人5",
    "featureArr": [
      2,
      8,
      11,
      12,
      16,
      20,
      23,
      26
    ],
    "quality": "SSR",
    "price": -1,
    "repetition": 300
  },
  {
    "name": "wdsj6",
    "ChName": "方块人6",
    "featureArr": [
      3,
      7,
      12,
      15,
      21,
      26
    ],
    "quality": "SSR",
    "price": -1,
    "repetition": 300
  },
  {
    "name": "wdsj7",
    "ChName": "方块人7",
    "featureArr": [
      1,
      6,
      11,
      12,
      14,
      20,
      23,
      25
    ],
    "quality": "SSR",
    "price": -1,
    "repetition": 300
  },
  {
    "name": "wdsj8",
    "ChName": "方块人8",
    "featureArr": [
      2,
      5,
      9,
      12,
      17,
      19,
      21,
      26
    ],
    "quality": "SSR",
    "price": -1,
    "repetition": 300
  },
  {
    "name": "wdsj9",
    "ChName": "方块人9",
    "featureArr": [
      3,
      4,
      11,
      12,
      16,
      20,
      23,
      25
    ],
    "quality": "SSR",
    "price": -1,
    "repetition": 300
  }
]
}