{ 
"RECORDS": 
[
  {
    "name": "zds1",
    "ChName": "张东升1",
    "featureArr": [
      1,
      4,
      9,
      11,
      15,
      21,
      23,
      25
    ]
  },
  {
    "name": "zds2",
    "ChName": "张东升2",
    "featureArr": [
      2,
      5,
      15,
      19,
      20,
      22,
      25
    ]
  },
  {
    "name": "zds3",
    "ChName": "张东升3",
    "featureArr": [
      3,
      6,
      9,
      11,
      15,
      21,
      23,
      25
    ]
  },
  {
    "name": "zds4",
    "ChName": "张东升4",
    "featureArr": [
      2,
      7,
      15,
      19,
      20,
      25
    ]
  },
  {
    "name": "zds5",
    "ChName": "张东升5",
    "featureArr": [
      1,
      8,
      9,
      11,
      15,
      21,
      23,
      25
    ]
  },
  {
    "name": "lyy1",
    "ChName": "林有有1",
    "featureArr": [
      1,
      4,
      14,
      22,
      26
    ]
  },
  {
    "name": "lyy2",
    "ChName": "林有有2",
    "featureArr": [
      2,
      5,
      9,
      11,
      14,
      19,
      23,
      26
    ]
  },
  {
    "name": "lyy3",
    "ChName": "林有有3",
    "featureArr": [
      3,
      6,
      14,
      22,
      26
    ]
  },
  {
    "name": "lyy4",
    "ChName": "林有有4",
    "featureArr": [
      2,
      7,
      9,
      11,
      14,
      19,
      23,
      26
    ]
  },
  {
    "name": "lyy5",
    "ChName": "林有有5",
    "featureArr": [
      1,
      8,
      14,
      26
    ]
  },
  {
    "name": "cxk1",
    "ChName": "蔡徐坤1",
    "featureArr": [
      1,
      4,
      9,
      14,
      18,
      21,
      23,
      25
    ]
  },
  {
    "name": "cxk2",
    "ChName": "蔡徐坤2",
    "featureArr": [
      2,
      5,
      15,
      18,
      19,
      25
    ]
  },
  {
    "name": "cxk3",
    "ChName": "蔡徐坤3",
    "featureArr": [
      3,
      6,
      9,
      16,
      18,
      21,
      22,
      23,
      25
    ]
  },
  {
    "name": "cxk4",
    "ChName": "蔡徐坤4",
    "featureArr": [
      2,
      7,
      17,
      18,
      19,
      25
    ]
  },
  {
    "name": "cxk5",
    "ChName": "蔡徐坤5",
    "featureArr": [
      1,
      8,
      9,
      15,
      18,
      21,
      23,
      25
    ]
  },
  {
    "name": "cxy1",
    "ChName": "程序员1",
    "featureArr": [
      1,
      4,
      9,
      16,
      25
    ]
  },
  {
    "name": "cxy2",
    "ChName": "程序员2",
    "featureArr": [
      2,
      5,
      11,
      16,
      19,
      20,
      21,
      23,
      26
    ]
  },
  {
    "name": "cxy3",
    "ChName": "程序员3",
    "featureArr": [
      3,
      6,
      9,
      16,
      22,
      25
    ]
  },
  {
    "name": "cxy4",
    "ChName": "程序员4",
    "featureArr": [
      2,
      7,
      11,
      16,
      19,
      20,
      21,
      23,
      26
    ]
  },
  {
    "name": "cxy5",
    "ChName": "程序员5",
    "featureArr": [
      1,
      8,
      9,
      16,
      25
    ]
  },
  {
    "name": "xxs1",
    "ChName": "小学生1",
    "featureArr": [
      1,
      4,
      9,
      11,
      17,
      21,
      23,
      26
    ]
  },
  {
    "name": "xxs2",
    "ChName": "小学生2",
    "featureArr": [
      2,
      5,
      17,
      25
    ]
  },
  {
    "name": "xxs3",
    "ChName": "小学生3",
    "featureArr": [
      3,
      6,
      9,
      11,
      17,
      21,
      23,
      26
    ]
  },
  {
    "name": "xxs4",
    "ChName": "小学生4",
    "featureArr": [
      2,
      7,
      17,
      25
    ]
  },
  {
    "name": "xxs5",
    "ChName": "小学生5",
    "featureArr": [
      1,
      8,
      9,
      11,
      17,
      21,
      23,
      26
    ]
  }
]
}