{"type":"View","props":{"width":720,"height":1280},"compId":2,"child":[{"type":"Sprite","props":{"y":0,"x":-720,"texture":"Game/UI/DesignPic/youxi2.png","alpha":0},"compId":58},{"type":"Sprite","props":{"y":96,"x":63,"width":82,"var":"BtnBack","texture":"Game/UI/Common/fanhui.png","pivotY":41,"pivotX":41,"name":"BtnBack","height":82},"compId":37},{"type":"Script","props":{"y":0,"x":0,"Option":"@Prefab:Prefab/Option.prefab","GuessCard":"@Prefab:Prefab/GuessCard.prefab","DoWell":"@Prefab:Prefab/DoWell.prefab","runtime":"script/Game/GameScene.ts"},"compId":16},{"type":"Sprite","props":{"y":1014.5,"x":0,"width":720,"var":"SceneContent","name":"SceneContent","height":255},"compId":63,"child":[{"type":"Sprite","props":{"y":-36,"x":631,"width":94,"var":"BtnSX","pivotY":46,"pivotX":47,"name":"BtnSX","height":92},"compId":40,"child":[{"type":"Sprite","props":{"y":0,"x":0,"texture":"Game/UI/GameScene/shuxing.png"},"compId":74},{"type":"Sprite","props":{"y":-8,"x":68,"texture":"Game/UI/GameScene/hong.png"},"compId":42},{"type":"Label","props":{"y":-2.5,"x":56,"width":56,"var":"BtnSXNum","valign":"middle","text":"22","name":"BtnSXNum","height":20,"fontSize":20,"color":"#ffffff","bold":true,"align":"center"},"compId":44}]},{"type":"Sprite","props":{"y":-81,"x":478,"width":95,"var":"BtnSC","name":"BtnSC","height":92},"compId":39,"child":[{"type":"Sprite","props":{"y":0,"x":0,"texture":"Game/UI/GameScene/shanchu.png"},"compId":75},{"type":"Sprite","props":{"y":-8,"x":64,"texture":"Game/UI/GameScene/hong.png"},"compId":41},{"type":"Label","props":{"y":-4.5,"x":54.5,"width":50,"var":"BtnSCNum","valign":"middle","text":"22","name":"BtnSCNum","height":22,"fontSize":20,"color":"#ffffff","bold":true,"align":"center"},"compId":43}]},{"type":"Sprite","props":{"y":112,"x":360,"width":720,"var":"OptionParent","pivotY":82,"pivotX":360,"name":"OptionParent","height":180},"compId":8}]}],"loadList":["Game/UI/DesignPic/youxi2.png","Game/UI/Common/fanhui.png","Prefab/Option.prefab","Prefab/GuessCard.prefab","Prefab/DoWell.prefab","Game/UI/GameScene/shuxing.png","Game/UI/GameScene/hong.png","Game/UI/GameScene/shanchu.png"],"loadList3D":[]}