{"type":"View","props":{"width":720,"height":1280},"compId":2,"child":[{"type":"Sprite","props":{"y":0,"x":-720,"texture":"Game/UI/DesignPic/youxi2.png","alpha":0},"compId":58},{"type":"Sprite","props":{"y":96,"x":63,"width":82,"var":"BtnBack","texture":"Game/UI/Common/fanhui.png","pivotY":41,"pivotX":41,"name":"BtnBack","height":82},"compId":37},{"type":"Script","props":{"y":0,"x":0,"Option":"@Prefab:Prefab/Option.prefab","GuessCard":"@Prefab:Prefab/GuessCard.prefab","DoWell":"@Prefab:Prefab/DoWell.prefab","runtime":"script/Game/GameScene.ts"},"compId":16},{"type":"Sprite","props":{"y":1014.5,"x":0,"width":720,"var":"SceneContent","name":"SceneContent","height":255},"compId":63,"child":[{"type":"Sprite","props":{"y":-82,"x":584,"var":"BtnShuxing","texture":"Game/UI/GameScene/shuxing.png","name":"BtnShuxing"},"compId":40,"child":[{"type":"Sprite","props":{"y":-8,"x":68,"texture":"Game/UI/GameScene/hong.png"},"compId":42},{"type":"Label","props":{"y":-3,"x":78,"width":11.123046875,"text":"6","name":"Num","height":20,"fontSize":22,"color":"#ffffff","bold":true},"compId":44}]},{"type":"Sprite","props":{"y":-81,"x":478,"var":"BtnShanchu","texture":"Game/UI/GameScene/shanchu.png","name":"BtnShanchu"},"compId":39,"child":[{"type":"Sprite","props":{"y":-8,"x":64,"texture":"Game/UI/GameScene/hong.png"},"compId":41},{"type":"Label","props":{"y":-3.5,"x":72.9384765625,"width":12.2353515625,"text":"6","name":"Num","height":22,"fontSize":22,"color":"#ffffff","bold":true},"compId":43}]},{"type":"Sprite","props":{"y":112,"x":360,"width":720,"var":"OptionParent","pivotY":82,"pivotX":360,"name":"OptionParent","height":180},"compId":8}]}],"loadList":["Game/UI/DesignPic/youxi2.png","Game/UI/Common/fanhui.png","Prefab/Option.prefab","Prefab/GuessCard.prefab","Prefab/DoWell.prefab","Game/UI/GameScene/shuxing.png","Game/UI/GameScene/hong.png","Game/UI/GameScene/shanchu.png"],"loadList3D":[]}