{"type":"View","props":{"width":720,"height":1280},"compId":2,"child":[{"type":"Image","props":{"y":0,"x":76,"width":577,"var":"Content","skin":"Game/UI/Common/di.png","sizeGrid":"102,37,121,50","name":"Content","height":371,"centerY":-43},"compId":3,"child":[{"type":"Sprite","props":{"y":122,"x":64,"texture":"Game/UI/UIAdsHint/zi.png"},"compId":9},{"type":"Label","props":{"y":184,"x":158,"width":239,"text":"是否继续观看？","name":"Describe","height":49,"fontSize":35,"color":"#725cbd","bold":true},"compId":5},{"type":"Label","props":{"y":122,"x":53,"width":466,"var":"Describe","text":"观看完整广告才能获取奖励哦","name":"Describe","height":49,"fontSize":35,"color":"#725cbd","bold":true},"compId":4},{"type":"Sprite","props":{"y":490,"x":287,"width":288,"var":"BtnConfirm","texture":"Game/UI/Common/anniu.png","pivotY":60,"pivotX":144,"name":"BtnConfirm","height":120},"compId":6,"child":[{"type":"Label","props":{"y":26.5,"x":68,"width":154,"valign":"middle","text":"确认","height":75,"fontSize":60,"color":"#e46415","bold":true,"align":"center"},"compId":7},{"type":"Sprite","props":{"y":39,"x":104,"texture":"Game/UI/UIAdsHint/queding.png"},"compId":11}]},{"type":"Sprite","props":{"y":28.5,"x":546,"var":"BtnClose","texture":"Game/UI/Common/x.png","pivotY":36,"pivotX":36,"name":"BtnClose"},"compId":8},{"type":"Sprite","props":{"y":22,"x":245,"texture":"Game/UI/UIAdsHint/tishi.png"},"compId":12}]},{"type":"Script","props":{"runtime":"script/Game/UIAdsHint.ts"},"compId":13}],"loadList":["Game/UI/Common/di.png","Game/UI/UIAdsHint/zi.png","Game/UI/Common/anniu.png","Game/UI/UIAdsHint/queding.png","Game/UI/Common/x.png","Game/UI/UIAdsHint/tishi.png"],"loadList3D":[]}