{"type":"View","props":{"width":720,"height":1280},"compId":2,"child":[{"type":"Sprite","props":{"zOrder":10,"y":106,"x":73,"width":82,"var":"BtnBack","texture":"Game/UI/Common/fanhui.png","pivotY":41,"pivotX":41,"name":"BtnBack","height":82},"compId":3},{"type":"Image","props":{"y":1124,"x":504,"width":250,"var":"BtnGold","skin":"Game/UI/Common/anniu.png","sizeGrid":"0,84,0,70","pivotY":60,"pivotX":125,"name":"BtnGold","height":120},"compId":4,"child":[{"type":"Sprite","props":{"y":20.5,"x":31,"texture":"Game/UI/Common/jinbi.png","name":"Icon"},"compId":7},{"type":"Label","props":{"y":32.5,"x":112,"width":94,"valign":"middle","text":"300","strokeColor":"#35673d","stroke":5,"height":47,"fontSize":40,"color":"#ffffff","bold":true,"align":"center"},"compId":11}]},{"type":"Image","props":{"y":1124,"x":219,"width":250,"var":"BtnAds","skin":"Game/UI/Common/anniu1.png","sizeGrid":"0,62,0,82","pivotY":60,"pivotX":125,"name":"BtnAds","height":120},"compId":5,"child":[{"type":"Sprite","props":{"y":32,"x":46,"texture":"Game/UI/Common/shiping.png","name":"Icon"},"compId":6},{"type":"Sprite","props":{"y":37,"x":115,"texture":"Game/UI/UICard/jiesuo2.png","name":"Word"},"compId":9}]},{"type":"Script","props":{"runtime":"script/Game/UICard.ts"},"compId":10}],"loadList":["Game/UI/Common/fanhui.png","Game/UI/Common/anniu.png","Game/UI/Common/jinbi.png","Game/UI/Common/anniu1.png","Game/UI/Common/shiping.png","Game/UI/UICard/jiesuo2.png"],"loadList3D":[]}