{"type":"View","props":{"width":720,"height":1280},"compId":2,"child":[{"type":"Image","props":{"y":0,"x":0,"width":720,"var":"Background","skin":"Frame/UI/ui_orthogon_black.png","sizeGrid":"5,6,5,10","name":"Background","height":1280,"alpha":0.7},"compId":8},{"type":"Sprite","props":{"y":618,"x":360,"width":598,"var":"SceneContent","pivotY":451,"pivotX":299,"name":"SceneContent","height":902,"alpha":1},"compId":10,"child":[{"type":"Image","props":{"y":35,"x":3,"width":597,"skin":"Game/UI/Common/di.png","sizeGrid":"116,38,110,36","height":779,"alpha":1},"compId":62},{"type":"Sprite","props":{"y":56.375,"x":576,"var":"BtnBack","texture":"Game/UI/Common/x.png","pivotY":36,"pivotX":36,"name":"BtnBack"},"compId":97},{"type":"Sprite","props":{"y":-5,"x":165},"compId":99,"child":[{"type":"Sprite","props":{"y":59.25,"x":41,"texture":"Game/UI/UICheckIn/biaoti.png"},"compId":100}]},{"type":"List","props":{"y":117.75,"x":17,"width":564,"var":"CheckList","spaceY":-30,"spaceX":-22,"repeatY":2,"repeatX":3,"name":"CheckList","height":422},"compId":73,"child":[{"type":"Box","props":{"y":113,"x":97,"width":206,"renderType":"render","pivotY":113,"pivotX":103,"height":226},"compId":72,"child":[{"type":"Image","props":{"y":22,"x":23,"width":160,"skin":"Game/UI/UICheckIn/jitian.png","sizeGrid":"37,0,57,0","name":"Pic_Board","height":182},"compId":67},{"type":"Image","props":{"y":78,"x":64,"width":81,"skin":"Game/UI/Common/jinbi.png","name":"Pic_Gold","height":60},"compId":70},{"type":"Label","props":{"y":144,"x":54,"width":98,"valign":"middle","underlineColor":"#ffffff","text":"x25","strokeColor":"#ffffff","stroke":5,"rotation":0,"name":"Num","height":48,"fontSize":30,"font":"Microsoft YaHei","color":"#9a3c2b","bold":true,"align":"center"},"compId":84},{"type":"Label","props":{"y":38,"x":68,"width":62,"valign":"middle","text":"第一天","name":"DayNum","height":29,"fontSize":22,"color":"#9a3c2b","bold":true,"align":"center"},"compId":101},{"type":"Label","props":{"y":102.5,"x":55,"width":96,"text":"已领取","name":"ChinkTip","height":33,"fontSize":30,"color":"#9a3c2b","bold":true},"compId":102}]}]},{"type":"Sprite","props":{"y":753,"x":681.5,"width":287,"var":"OPPO","name":"OPPO","height":221},"compId":118,"child":[{"type":"Sprite","props":{"y":208,"x":140,"width":116,"var":"BtnGet_OPPO","texture":"Game/UI/Common/qiandao.png","pivotY":20,"pivotX":58,"name":"BtnGet_OPPO","height":40},"compId":119},{"type":"Sprite","props":{"y":75,"x":142,"var":"BtnThreeGet_OPPO","texture":"Game/UI/Common/anniu.png","pivotY":66,"pivotX":144,"name":"BtnThreeGet_OPPO"},"compId":121,"child":[{"type":"Sprite","props":{"y":19,"x":190,"texture":"Game/UI/Common/fanhui.png","name":"AdsPic"},"compId":122},{"type":"Sprite","props":{"y":40,"x":60,"texture":"Game/UI/Common/douyao.png","name":"Dis"},"compId":123}]}]},{"type":"Sprite","props":{"y":773,"x":153,"width":287,"var":"WeChat","name":"WeChat","height":221},"compId":117,"child":[{"type":"Sprite","props":{"y":143,"x":147.5,"var":"BtnGet_WeChat","texture":"Game/UI/Common/anniu.png","pivotY":66,"pivotX":144,"name":"BtnGet_WeChat"},"compId":104,"child":[{"type":"Sprite","props":{"y":38.75,"x":99.75,"texture":"Game/UI/Common/qiandao.png"},"compId":106}]},{"type":"Sprite","props":{"y":144,"x":147.5,"var":"BtnThreeGet_WeChat","texture":"Game/UI/Common/anniu.png","pivotY":66,"pivotX":144,"name":"BtnThreeGet_WeChat"},"compId":74,"child":[{"type":"Sprite","props":{"y":15,"x":191,"texture":"Game/UI/Common/fanhui.png","name":"AdsPic"},"compId":75},{"type":"Sprite","props":{"y":38,"x":64,"texture":"Game/UI/Common/douyao.png","name":"Dis"},"compId":103}]},{"type":"Sprite","props":{"y":-15,"x":96.5,"width":51,"var":"Select_WeChat","pivotY":14,"pivotX":114,"name":"Select_WeChat","height":30},"compId":77,"child":[{"type":"Sprite","props":{"y":3,"x":41,"texture":"Game/UI/UICheckIn/3bei.png","name":"Dis"},"compId":91},{"type":"Sprite","props":{"y":2,"x":1,"var":"BtnSelect","texture":"Game/UI/Common/yuan-1.png","name":"BtnSelect"},"compId":108},{"type":"Sprite","props":{"y":9.5,"x":8.5,"width":16,"var":"Dot","texture":"Game/UI/Common/yuan-2.png","name":"Dot","height":16},"compId":109}]}]},{"type":"Image","props":{"y":618,"x":299,"width":527,"var":"Seven","skin":"Game/UI/UICheckIn/jitian.png","sizeGrid":"0,42,0,35","pivotY":90,"pivotX":264,"name":"Seven","height":173},"compId":85,"child":[{"type":"Image","props":{"y":55,"x":228,"width":83,"skin":"Game/UI/Common/jinbi.png","name":"Pic_Gold","height":65},"compId":87},{"type":"Label","props":{"y":127.5,"x":197.5,"width":140,"valign":"middle","underlineColor":"#ffffff","text":"x200","strokeColor":"#ffffff","stroke":5,"name":"Num","height":36,"fontSize":40,"font":"Microsoft YaHei","color":"#9a3c2b","bold":true,"align":"center"},"compId":88},{"type":"Label","props":{"y":9,"x":223,"width":89,"valign":"middle","text":"第七天","name":"DayNum","height":35,"fontSize":30,"color":"#9a3c2b","bold":true,"align":"center"},"compId":110},{"type":"Label","props":{"y":79,"x":221,"width":96,"text":"已领取","name":"ChinkTip","height":33,"fontSize":30,"color":"#9a3c2b","bold":true},"compId":111}]}]},{"type":"Script","props":{"runtime":"script/Game/UICheckIn.ts"},"compId":95},{"type":"Sprite","props":{"y":88,"x":104,"width":214,"var":"GoldNode","pivotY":31,"pivotX":107,"name":"GoldNode","height":62},"compId":129,"child":[{"type":"Sprite","props":{"y":3,"x":2,"texture":"Game/UI/UIVictory/jinbidi.png"},"compId":130},{"type":"Sprite","props":{"y":-6,"x":8,"texture":"Game/UI/Common/jinbi.png"},"compId":131},{"type":"Label","props":{"y":14,"x":101,"width":75,"text":"100","name":"Num","height":34,"fontSize":35,"color":"#77b542","bold":true},"compId":132}]}],"loadList":["Frame/UI/ui_orthogon_black.png","Game/UI/Common/di.png","Game/UI/Common/x.png","Game/UI/UICheckIn/biaoti.png","Game/UI/UICheckIn/jitian.png","Game/UI/Common/jinbi.png","Game/UI/Common/qiandao.png","Game/UI/Common/anniu.png","Game/UI/Common/fanhui.png","Game/UI/Common/douyao.png","Game/UI/UICheckIn/3bei.png","Game/UI/Common/yuan-1.png","Game/UI/Common/yuan-2.png","Game/UI/UIVictory/jinbidi.png"],"loadList3D":[]}