{"type":"View","props":{"width":720,"top":0,"right":0,"left":0,"height":1280,"bottom":0},"compId":2,"child":[{"type":"Image","props":{"y":0,"x":0,"var":"Background","skin":"Frame/UI/ui_orthogon_black.png","sizeGrid":"21,18,18,20","name":"Background","alpha":0.7},"compId":132},{"type":"Sprite","props":{"y":202,"x":360,"width":381,"var":"Logo","texture":"Game/UI/UIDefeated/shibai.png","pivotY":45,"pivotX":191,"name":"Logo","height":90},"compId":123},{"type":"Script","props":{"y":0,"x":0,"runtime":"script/Game/UIDefeated.ts"},"compId":131},{"type":"Sprite","props":{"y":997,"x":866,"width":314,"var":"WeChat","name":"WeChat","height":192},"compId":147,"child":[{"type":"Sprite","props":{"y":0,"x":-3,"width":317,"var":"Select","name":"Select","height":42},"compId":142,"child":[{"type":"Sprite","props":{"y":2,"x":21,"visible":true,"var":"BtnSelect_WeChat","texture":"Game/UI/Common/yuan-1.png","name":"BtnSelect_WeChat"},"compId":143,"child":[{"type":"Sprite","props":{"y":8.75,"x":7.75,"var":"Dot_WeChat","texture":"Game/UI/Common/yuan-2.png","name":"Dot_WeChat"},"compId":144}]},{"type":"Sprite","props":{"y":5.5,"x":61,"texture":"Game/UI/Common/sanbei.png","name":"Dis"},"compId":145}]},{"type":"Sprite","props":{"y":116,"x":160,"width":288,"var":"BtnAgain_WeChat","texture":"Game/UI/Common/anniu1.png","pivotY":64,"pivotX":144,"name":"BtnAgain_WeChat","height":128},"compId":136,"child":[{"type":"Sprite","props":{"y":44.5,"x":65,"texture":"Game/UI/Common/zaikai.png","name":"Dis"},"compId":138}]},{"type":"Sprite","props":{"y":116,"x":160,"width":288,"var":"BtnNext_WeChat","texture":"Game/UI/Common/anniu.png","pivotY":64,"pivotX":144,"name":"BtnNext_WeChat","height":128},"compId":124,"child":[{"type":"Sprite","props":{"y":12.5,"x":205,"texture":"Game/UI/Common/jinbi.png","name":"AdvPic"},"compId":126},{"type":"Sprite","props":{"y":42.5,"x":68,"texture":"Game/UI/Common/douyao.png","name":"Dis"},"compId":128}]}]},{"type":"Sprite","props":{"y":1257,"x":847,"width":322,"var":"OPPO","name":"OPPO","height":282},"compId":148,"child":[{"type":"Sprite","props":{"y":227.5,"x":158,"var":"BtnAgain_OPPO","texture":"Game/UI/Common/xiayiguan.png","pivotY":15,"pivotX":61,"name":"BtnAgain_OPPO"},"compId":153},{"type":"Sprite","props":{"y":116,"x":160,"width":288,"var":"BtnNext_OPPO","texture":"Game/UI/Common/anniu.png","pivotY":64,"pivotX":144,"name":"BtnNext_OPPO","height":128},"compId":155,"child":[{"type":"Sprite","props":{"y":12.5,"x":205,"texture":"Game/UI/Common/jinbi.png","name":"AdvPic"},"compId":156},{"type":"Sprite","props":{"y":42.5,"x":68,"texture":"Game/UI/Common/douyao.png"},"compId":157}]}]},{"type":"Sprite","props":{"y":974,"x":193.5,"width":341,"var":"Bytedance","name":"Bytedance","height":207},"compId":158,"child":[{"type":"Sprite","props":{"y":120,"x":168,"var":"BtnAgain_Bytedance","texture":"Game/UI/Common/anniu.png","pivotY":64,"pivotX":144,"name":"BtnAgain_Bytedance"},"compId":159,"child":[{"type":"Sprite","props":{"y":36,"x":68,"texture":"Game/UI/Common/congxin.png","name":"Dis"},"compId":160}]},{"type":"Sprite","props":{"y":120,"x":168,"var":"BtnNext_Bytedance","texture":"Game/UI/Common/anniu.png","pivotY":64,"pivotX":144,"name":"BtnNext_Bytedance"},"compId":165,"child":[{"type":"Sprite","props":{"y":36,"x":82,"texture":"Game/UI/Common/xiayiguan.png","name":"Dis"},"compId":166}]},{"type":"Sprite","props":{"y":9,"x":28,"width":321,"name":"Select","height":42},"compId":161,"child":[{"type":"Sprite","props":{"y":1,"x":21,"var":"BtnSelect_Bytedance","texture":"Game/UI/Common/yuan.png","name":"BtnSelect_Bytedance"},"compId":162,"child":[{"type":"Sprite","props":{"y":7.75,"x":6.75,"var":"Dot_Bytedance","texture":"Game/UI/Common/yuan2.png","name":"Dot_Bytedance"},"compId":163}]},{"type":"Sprite","props":{"y":4,"x":58,"texture":"Game/UI/Common/kanshipin.png","name":"Dis"},"compId":164}]}]},{"type":"Sprite","props":{"y":87,"x":100,"width":214,"var":"GoldNode","pivotY":31,"pivotX":107,"name":"GoldNode","height":62},"compId":197,"child":[{"type":"Sprite","props":{"y":3,"x":2,"texture":"Game/UI/UIVictory/jinbidi.png"},"compId":198},{"type":"Sprite","props":{"y":-6,"x":8,"texture":"Game/UI/Common/jinbi.png"},"compId":199},{"type":"Label","props":{"y":14,"x":101,"width":75,"text":"100","name":"Num","height":34,"fontSize":35,"color":"#77b542","bold":true},"compId":200}]}],"loadList":["Frame/UI/ui_orthogon_black.png","Game/UI/UIDefeated/shibai.png","Game/UI/Common/yuan-1.png","Game/UI/Common/yuan-2.png","Game/UI/Common/sanbei.png","Game/UI/Common/anniu1.png","Game/UI/Common/zaikai.png","Game/UI/Common/anniu.png","Game/UI/Common/jinbi.png","Game/UI/Common/douyao.png","Game/UI/Common/xiayiguan.png","Game/UI/Common/congxin.png","Game/UI/Common/yuan.png","Game/UI/Common/yuan2.png","Game/UI/Common/kanshipin.png","Game/UI/UIVictory/jinbidi.png"],"loadList3D":[]}