{"type":"View","props":{"width":720,"height":1280,"alpha":0},"compId":2,"child":[{"type":"Image","props":{"y":0,"x":0,"var":"Background","skin":"Game/UI/UIDrawCard/bj.png","name":"Background"},"compId":3},{"type":"Script","props":{"Card":"@Prefab:Prefab/Card.prefab","runtime":"script/Game/UIDrawCard.ts"},"compId":18},{"type":"Sprite","props":{"y":118,"x":223,"var":"Logo1","texture":"Game/UI/UIDrawCard/mojing.png","name":"Logo1"},"compId":5},{"type":"Sprite","props":{"y":252,"x":359,"width":411,"var":"Logo2","texture":"Game/UI/UIDrawCard/qidong.png","pivotY":18,"pivotX":206,"name":"Logo2","height":36},"compId":6},{"type":"Sprite","props":{"var":"SceneContent","name":"SceneContent"},"compId":19,"child":[{"type":"Sprite","props":{"y":337,"x":110,"width":500,"var":"Guang3","name":"Guang3","height":500},"compId":47},{"type":"Image","props":{"y":603,"x":360,"width":720,"var":"Mirror","skin":"Game/UI/UIDrawCard/jinzi.png","sizeGrid":"733,0,86,0","pivotY":305,"pivotX":360,"name":"Mirror","height":1350},"compId":12,"child":[{"type":"Sprite","props":{"zOrder":1,"y":301,"x":363,"width":551,"var":"Surface","texture":"Game/UI/UIDrawCard/yuan.png","pivotY":276,"pivotX":276,"name":"Surface","height":551},"compId":41},{"type":"Sprite","props":{"zOrder":2,"y":25,"x":87,"var":"Reflect2","texture":"Game/UI/UIDrawCard/yuan2.png","skewX":0,"name":"Reflect2","alpha":0},"compId":45},{"type":"Sprite","props":{"zOrder":3,"y":301,"x":372,"width":551,"var":"Reflect","texture":"Game/UI/UIDrawCard/yuan2.png","pivotY":276,"pivotX":285,"name":"Reflect","height":551},"compId":43,"child":[{"type":"Sprite","props":{"y":71,"x":399,"var":"ReflectMask","texture":"Game/UI/UIDrawCard/guang.png","renderType":"mask","name":"ReflectMask"},"compId":44}]}]},{"type":"Sprite","props":{"y":1035,"x":235,"var":"Residue","texture":"Game/UI/UIDrawCard/shenyu.png","name":"Residue"},"compId":7,"child":[{"type":"Label","props":{"y":-1,"x":172,"width":59,"var":"ResidueNum","text":"10","name":"ResidueNum","height":39,"fontSize":40,"color":"#a85546","bold":true,"align":"left"},"compId":20}]},{"type":"Image","props":{"y":1166,"x":362,"width":371,"var":"BtnFree","skin":"Game/UI/Common/anniu.png","sizeGrid":"0,78,0,98","pivotY":60,"pivotX":193,"name":"BtnFree","height":120},"compId":8,"child":[{"type":"Sprite","props":{"y":37,"x":44.5,"texture":"Game/UI/UIDrawCard/mianfei.png"},"compId":9},{"type":"FontClip","props":{"y":37,"x":276,"var":"MaxNum","value":"3","skin":"Game/UI/UIDrawCard/shuzi4.png","sheet":"0123456789","name":"MaxNum"},"compId":10},{"type":"FontClip","props":{"y":37,"x":228,"var":"FreeAds","value":"0","skin":"Game/UI/UIDrawCard/shuzi4.png","sheet":"0123456789","name":"FreeAds"},"compId":11}]}]},{"type":"Sprite","props":{"zOrder":10,"y":106,"x":73,"width":82,"var":"BtnBack","texture":"Game/UI/Common/fanhui.png","pivotY":41,"pivotX":41,"name":"BtnBack","height":82},"compId":17},{"type":"Sprite","props":{"zOrder":15,"y":0,"x":-720,"width":720,"var":"DrawDisPlay","name":"DrawDisPlay","height":1650,"alpha":1},"compId":22,"child":[{"type":"Image","props":{"y":0,"x":0,"width":720,"var":"DrawDisPlayBg","skin":"Frame/UI/ui_orthogon_black.png","sizeGrid":"21,27,37,26","name":"DrawDisPlayBg","height":1650,"alpha":0},"compId":23},{"type":"Sprite","props":{"y":569,"x":360,"width":954,"var":"Guang5","texture":"Game/UI/UISkinQualified/guang.png","pivotY":587,"pivotX":477,"name":"Guang5","height":1128,"alpha":0},"compId":48},{"type":"Sprite","props":{"y":569,"x":360,"width":954,"var":"Guang6","texture":"Game/UI/UISkinQualified/guang.png","pivotY":587,"pivotX":477,"name":"Guang6","height":1128,"alpha":0},"compId":49},{"type":"Sprite","props":{"x":20,"width":680,"var":"CardParent","name":"CardParent"},"compId":24},{"type":"Sprite","props":{"y":1161,"x":360,"width":288,"var":"BtnTake","texture":"Game/UI/Common/anniu.png","pivotY":60,"pivotX":144,"name":"BtnTake","height":120},"compId":36,"child":[{"type":"Sprite","props":{"y":38,"x":85,"texture":"Game/UI/Common/douyao.png","name":"Dis"},"compId":37}]}]},{"type":"Sprite","props":{"y":598,"x":360,"width":551,"texture":"Game/UI/UIDrawCard/yuan.png","pivotY":276,"pivotX":276,"height":551},"compId":50}],"loadList":["Game/UI/UIDrawCard/bj.png","Prefab/Card.prefab","Game/UI/UIDrawCard/mojing.png","Game/UI/UIDrawCard/qidong.png","Game/UI/UIDrawCard/jinzi.png","Game/UI/UIDrawCard/yuan.png","Game/UI/UIDrawCard/yuan2.png","Game/UI/UIDrawCard/guang.png","Game/UI/UIDrawCard/shenyu.png","Game/UI/Common/anniu.png","Game/UI/UIDrawCard/mianfei.png","Game/UI/UIDrawCard/shuzi4.png","Game/UI/Common/fanhui.png","Frame/UI/ui_orthogon_black.png","Game/UI/UISkinQualified/guang.png","Game/UI/Common/douyao.png"],"loadList3D":[]}