{"type":"View","props":{"width":720,"height":1280},"compId":2,"child":[{"type":"Image","props":{"y":0,"x":0,"var":"Background","skin":"Game/UI/UIDrawCard/bj.png","name":"Background"},"compId":3},{"type":"Sprite","props":{"y":106,"x":73,"width":82,"var":"BtnBack","texture":"Game/UI/Common/fanhui.png","pivotY":41,"pivotX":41,"name":"BtnBack","height":82},"compId":17},{"type":"Script","props":{"Card":"@Prefab:Prefab/Card.prefab","runtime":"script/Game/UIDrawCard.ts"},"compId":18},{"type":"Sprite","props":{"y":118,"x":223,"var":"Logo1","texture":"Game/UI/UIDrawCard/mojing.png","name":"Logo1"},"compId":5},{"type":"Sprite","props":{"y":234,"x":153,"texture":"Game/UI/UIDrawCard/qidong.png","name":"Logo2"},"compId":6},{"type":"Sprite","props":{"var":"SceneContent","name":"SceneContent"},"compId":19,"child":[{"type":"Image","props":{"y":298,"x":0,"width":720,"var":"Mirror","skin":"Game/UI/UIDrawCard/jinzi.png","sizeGrid":"733,0,86,0","name":"Mirror","height":1350},"compId":12,"child":[{"type":"Sprite","props":{"y":-82,"x":-40,"width":800,"var":"SurfaceHalo","texture":"Frame/UI/ui_Circular_l_yellow.png","name":"SurfaceHalo","height":800},"compId":39},{"type":"Sprite","props":{"y":25,"x":87,"width":551,"var":"Surface","texture":"Game/UI/UIDrawCard/yuan.png","name":"Surface","height":551},"compId":13}]},{"type":"Sprite","props":{"y":1035,"x":235,"var":"Residue","texture":"Game/UI/UIDrawCard/shenyu.png","name":"Residue"},"compId":7,"child":[{"type":"Label","props":{"y":-1,"x":172,"width":59,"var":"ResidueNum","text":"10","name":"ResidueNum","height":39,"fontSize":40,"color":"#a85546","bold":true,"align":"left"},"compId":20}]},{"type":"Image","props":{"y":1166,"x":371,"width":371,"var":"BtnFree","skin":"Game/UI/Common/anniu.png","sizeGrid":"0,78,0,98","pivotY":60,"pivotX":193,"name":"BtnFree","height":120},"compId":8,"child":[{"type":"Sprite","props":{"y":37,"x":44.5,"texture":"Game/UI/UIDrawCard/mianfei.png"},"compId":9},{"type":"FontClip","props":{"y":37,"x":276,"var":"MaxNum","value":"5","skin":"Game/UI/UIDrawCard/shuzi4.png","sheet":"0123456789","name":"MaxNum"},"compId":10},{"type":"FontClip","props":{"y":37,"x":228,"var":"FreeNum","value":"5","skin":"Game/UI/UIDrawCard/shuzi4.png","sheet":"0123456789","name":"FreeNum"},"compId":11}]}]},{"type":"Sprite","props":{"y":0,"x":-720,"width":720,"var":"DrawDisPlay","name":"DrawDisPlay","height":1650,"alpha":1},"compId":22,"child":[{"type":"Sprite","props":{"y":0,"x":0,"width":720,"var":"DrawDisPlayBg","texture":"Frame/UI/ui_orthogon_black.png","name":"DrawDisPlayBg","height":1650,"alpha":0},"compId":23},{"type":"Sprite","props":{"var":"CardParent","name":"CardParent"},"compId":24},{"type":"Sprite","props":{"y":1161,"x":360,"width":288,"var":"BtnTake","texture":"Game/UI/Common/anniu.png","pivotY":60,"pivotX":144,"name":"BtnTake","height":120},"compId":36,"child":[{"type":"Sprite","props":{"y":38,"x":85,"texture":"Game/UI/Common/douyao.png","name":"Dis"},"compId":37}]}]}],"loadList":["Game/UI/UIDrawCard/bj.png","Game/UI/Common/fanhui.png","Prefab/Card.prefab","Game/UI/UIDrawCard/mojing.png","Game/UI/UIDrawCard/qidong.png","Game/UI/UIDrawCard/jinzi.png","Frame/UI/ui_Circular_l_yellow.png","Game/UI/UIDrawCard/yuan.png","Game/UI/UIDrawCard/shenyu.png","Game/UI/Common/anniu.png","Game/UI/UIDrawCard/mianfei.png","Game/UI/UIDrawCard/shuzi4.png","Frame/UI/ui_orthogon_black.png","Game/UI/Common/douyao.png"],"loadList3D":[]}