{"type":"View","props":{"width":720,"height":1280},"compId":2,"child":[{"type":"Script","props":{"runtime":"script/Game/UILoding.ts"},"compId":3},{"type":"Image","props":{"width":720,"var":"Background","skin":"Frame/UI/ui_square_c_006.png","sizeGrid":"56,39,47,42","name":"Background","height":1280},"compId":10},{"type":"Image","props":{"width":477,"skin":"Frame/UI/ui_square_c_007.png","sizeGrid":"30,27,29,26","pivotY":35,"pivotX":239,"name":"ProgressBoard","height":70,"centerX":-1,"bottom":212},"compId":7,"child":[{"type":"Image","props":{"y":0,"x":0,"width":477,"var":"Progress","skin":"Frame/UI/ui_square_c_004.png","sizeGrid":"30,27,29,26","name":"Progress","height":70},"compId":5,"child":[{"type":"Image","props":{"y":0,"x":-425,"width":477,"var":"Bar","skin":"Frame/UI/ui_square_c_004.png","sizeGrid":"30,27,29,26","renderType":"mask","name":"Bar","height":70},"compId":6}]}]}],"loadList":["Frame/UI/ui_square_c_006.png","Frame/UI/ui_square_c_007.png","Frame/UI/ui_square_c_004.png"],"loadList3D":[]}