{"type":"View","props":{"y":0,"x":0,"width":720,"height":1280},"compId":2,"child":[{"type":"Script","props":{"runtime":"script/Game/UILoding.ts"},"compId":3},{"type":"Sprite","props":{"y":0,"x":0,"width":720,"texture":"Game/UI/UILoding/bj.png","name":"BG","height":1680,"alpha":1},"compId":11},{"type":"Sprite","props":{"y":849,"x":360,"width":532,"var":"Pic","texture":"Game/UI/UILoding/kapai.png","pivotY":296,"pivotX":266,"name":"Pic","height":612},"compId":14},{"type":"Sprite","props":{"y":322,"x":360,"width":587,"var":"Logo","texture":"Game/UI/UILoding/LOGO.png","pivotY":68,"pivotX":294,"name":"Logo","height":136},"compId":15},{"type":"Image","props":{"y":1501,"x":49.5,"var":"Tag","name":"Tag"},"compId":16,"child":[{"type":"Sprite","props":{"texture":"Game/UI/UILoding/jiankan.png"},"compId":19},{"type":"Label","props":{"y":71,"x":0,"width":609,"text":"软著登记号：2020SR0726637       Powered by LayaAir Engine","height":27,"fontSize":22,"color":"#eab499"},"compId":17}]},{"type":"Image","props":{"y":1385,"x":369,"width":425,"var":"ProgressBoard","skin":"Game/UI/UILoding/jindu1.png","pivotY":14,"pivotX":213,"name":"ProgressBoard","height":28,"centerX":8},"compId":7,"child":[{"type":"Image","props":{"y":0,"x":0,"width":425,"var":"Progress","skin":"Game/UI/UILoding/jindu2.png","sizeGrid":" ","name":"Progress","height":28},"compId":5,"child":[{"type":"Image","props":{"y":0,"x":-425,"var":"Bar","skin":"Game/UI/UILoding/jindu2.png","sizeGrid":" ","renderType":"mask","name":"Bar"},"compId":6}]},{"type":"Sprite","props":{"y":-59,"x":136,"texture":"Game/UI/UILoding/jiazai.png"},"compId":13}]}],"loadList":["Game/UI/UILoding/bj.png","Game/UI/UILoding/kapai.png","Game/UI/UILoding/LOGO.png","Game/UI/UILoding/jiankan.png","Game/UI/UILoding/jindu1.png","Game/UI/UILoding/jindu2.png","Game/UI/UILoding/jiazai.png"],"loadList3D":[]}