{"type":"View","props":{"width":720,"height":1280},"compId":2,"child":[{"type":"Image","props":{"y":640,"x":360,"width":720,"var":"Background","skin":"Frame/UI/ui_orthogon_black.png","sizeGrid":"35,15,47,13","pivotY":640,"pivotX":360,"name":"Background","mouseEnabled":false,"height":1280,"alpha":0.7},"compId":34},{"type":"Sprite","props":{"y":284,"x":0,"width":720,"var":"SceneContent","name":"SceneContent","height":748},"compId":141,"child":[{"type":"Sprite","props":{"y":-294,"x":0,"width":720,"var":"ClickBg","name":"ClickBg","height":1650},"compId":182},{"type":"Image","props":{"y":0,"x":60.5,"width":599,"skin":"Game/UI/Common/di.png","sizeGrid":"124,0,118,0","height":534,"alpha":1},"compId":36},{"type":"Image","props":{"y":171,"x":130,"width":192,"var":"PropPic1","skin":"Game/UI/UIPropTry/di.png","sizeGrid":"37,33,61,59","name":"PropPic1","height":193},"compId":25,"child":[{"type":"Sprite","props":{"y":52.5,"x":59.5,"texture":"Game/UI/UIPropTry/shanchu.png"},"compId":155},{"type":"Label","props":{"y":153,"x":143,"width":41,"text":"x1","height":29,"fontSize":30,"color":"#974443","bold":true},"compId":187}]},{"type":"Image","props":{"y":170,"x":401,"width":192,"var":"PropPic2","skin":"Game/UI/UIPropTry/di.png","sizeGrid":"37,33,61,59","name":"PropPic2","height":193},"compId":153,"child":[{"type":"Sprite","props":{"y":51,"x":52,"texture":"Game/UI/UIPropTry/shuxin.png"},"compId":154},{"type":"Label","props":{"y":153,"x":143,"width":41,"text":"x1","height":29,"fontSize":30,"color":"#974443","bold":true},"compId":188}]},{"type":"Sprite","props":{"y":28,"x":636,"width":76,"var":"BtnClose","texture":"Game/UI/Common/x.png","pivotY":38,"pivotX":38,"name":"BtnClose","height":75},"compId":152},{"type":"Sprite","props":{"y":404,"x":40,"width":51,"var":"Platform","name":"Platform","height":45},"compId":157,"child":[{"type":"Sprite","props":{"y":212,"x":38,"width":14,"var":"Bytedance","name":"Bytedance","height":19},"compId":158,"child":[{"type":"Sprite","props":{"y":0,"x":49,"width":39,"var":"Low","name":"Low","height":37},"compId":159,"child":[{"type":"Sprite","props":{"y":-149,"x":75,"width":32,"var":"Bytedance_Low_Select","texture":"Game/UI/Common/yuan-1.png","name":"Bytedance_Low_Select","height":32},"compId":160,"child":[{"type":"Sprite","props":{"y":7.25,"x":7.25,"width":17,"var":"Bytedance_Low_Dot","texture":"Game/UI/Common/yuan-2.png","name":"Bytedance_Low_Dot","height":17},"compId":161},{"type":"Sprite","props":{"y":0,"x":40,"texture":"Game/UI/UIPropTry/kan.png","name":"Word"},"compId":162}]},{"type":"Sprite","props":{"y":18.5,"x":231,"width":288,"var":"Bytedance_Low_BtnGet","texture":"Game/UI/Common/anniu.png","pivotY":60,"pivotX":144,"name":"Bytedance_Low_BtnGet","height":120},"compId":163,"child":[{"type":"Sprite","props":{"y":36,"x":85,"texture":"Game/UI/Common/douyao.png","name":"Word"},"compId":183}]},{"type":"Label","props":{"y":123.5,"x":91,"visible":false,"text":"点击空白处开始游戏","styleSkin":"UI/Inherit/word1.png","name":"点击空白处开始游戏","fontSize":30,"color":"#ffffff"},"compId":164}]},{"type":"Sprite","props":{"y":-245,"x":686,"width":35,"var":"Mid","name":"Mid","height":37},"compId":165,"child":[{"type":"Sprite","props":{"y":-149,"x":75,"width":32,"var":"Bytedance_Mid_Select","texture":"Game/UI/Common/yuan-1.png","name":"Bytedance_Mid_Select","height":32},"compId":166,"child":[{"type":"Sprite","props":{"y":7.25,"x":7.25,"var":"Bytedance_Mid_Dot","texture":"Game/UI/Common/yuan-2.png","name":"Bytedance_Mid_Dot"},"compId":167},{"type":"Sprite","props":{"y":0,"x":40,"texture":"Game/UI/UIPropTry/kan.png","name":"Word"},"compId":168}]},{"type":"Sprite","props":{"y":84,"x":235,"width":288,"var":"Bytedance_Mid_BtnGet","texture":"Game/UI/Common/anniu.png","pivotY":60,"pivotX":144,"name":"Bytedance_Mid_BtnGet","height":120},"compId":169,"child":[{"type":"Sprite","props":{"y":38,"x":84.5,"texture":"Game/UI/Common/douyao.png","name":"Word"},"compId":184}]},{"type":"Label","props":{"y":173,"x":95,"text":"点击空白处开始游戏","styleSkin":"UI/Inherit/word1.png","name":"点击空白处开始游戏","fontSize":30,"color":"#ffffff"},"compId":170}]},{"type":"Sprite","props":{"y":493,"x":959,"width":29,"var":"High","pivotY":96,"pivotX":268,"name":"High","height":33},"compId":171,"child":[{"type":"Sprite","props":{"y":80,"x":407,"width":247,"var":"Bytedance_High_BtnGet","texture":"Game/UI/Common/anniu.png","pivotY":55,"pivotX":124,"name":"Bytedance_High_BtnGet","height":110},"compId":172},{"type":"Sprite","props":{"y":80,"x":135,"width":247,"var":"Bytedance_High_BtnNo","texture":"Game/UI/Common/anniu1.png","pivotY":55,"pivotX":124,"name":"Bytedance_High_BtnNo","height":110},"compId":173}]}]},{"type":"Sprite","props":{"y":265,"x":954,"width":275,"var":"OPPO","name":"OPPO","height":135},"compId":174,"child":[{"type":"Image","props":{"y":66,"x":133,"width":250,"var":"OPPO_BtnGet","skin":"Game/UI/Common/anniu.png","sizeGrid":"50,61,49,92","pivotY":55,"pivotX":124,"name":"OPPO_BtnGet","height":113},"compId":175,"child":[{"type":"Sprite","props":{"y":13,"x":164,"texture":"Game/UI/Common/fanhui.png","name":"AdsPic"},"compId":176},{"type":"Sprite","props":{"y":34,"x":47,"texture":"Game/UI/Common/douyao.png","name":"Word"},"compId":177}]},{"type":"Sprite","props":{"y":66,"x":-138,"width":247,"var":"OPPO_BtnNo","texture":"Game/UI/Common/anniu1.png","pivotY":55,"pivotX":124,"name":"OPPO_BtnNo","height":110},"compId":178}]},{"type":"Sprite","props":{"y":400,"x":689,"var":"WeChat","name":"WeChat"},"compId":179,"child":[{"type":"Sprite","props":{"y":80,"x":407,"width":247,"var":"WeChat_BtnGet","texture":"Game/UI/Common/anniu.png","pivotY":55,"pivotX":124,"name":"WeChat_BtnGet","height":110},"compId":180},{"type":"Sprite","props":{"y":80,"x":135,"width":247,"var":"WeChat_BtnNo","texture":"Game/UI/Common/anniu1.png","pivotY":55,"pivotX":124,"name":"WeChat_BtnNo","height":110},"compId":181}]}]}]},{"type":"Script","props":{"runtime":"script/Game/UIPropTry.ts"},"compId":185}],"loadList":["Frame/UI/ui_orthogon_black.png","Game/UI/Common/di.png","Game/UI/UIPropTry/di.png","Game/UI/UIPropTry/shanchu.png","Game/UI/UIPropTry/shuxin.png","Game/UI/Common/x.png","Game/UI/Common/yuan-1.png","Game/UI/Common/yuan-2.png","Game/UI/UIPropTry/kan.png","Game/UI/Common/anniu.png","Game/UI/Common/douyao.png","UI/Inherit/word1.png","Game/UI/Common/anniu1.png","Game/UI/Common/fanhui.png"],"loadList3D":[]}