{"type":"View","props":{"width":720,"height":1280},"compId":2,"child":[{"type":"Image","props":{"y":0,"x":0,"var":"Background","skin":"Frame/UI/ui_orthogon_black.png","sizeGrid":"32,18,32,16","name":"Background","alpha":0.7},"compId":3},{"type":"Image","props":{"var":"Bg","skin":"Game/UI/UIResurgence/hongkuang.png","sizeGrid":"111,123,105,138","name":"Bg"},"compId":34},{"type":"Sprite","props":{"y":681,"x":360,"width":720,"var":"SceneContent","pivotY":461,"pivotX":360,"name":"SceneContent","height":892},"compId":6,"child":[{"type":"Sprite","props":{"y":-11,"x":360,"width":379,"texture":"Game/UI/UIResurgence/fuhuo.png","pivotY":45,"pivotX":190,"height":90},"compId":25},{"type":"Sprite","props":{"y":175,"x":127.5,"texture":"Game/UI/UIResurgence/xin.png"},"compId":27},{"type":"FontClip","props":{"y":379,"x":318.5,"width":239,"var":"Countdown","value":"10","spaceX":-70,"skin":"Game/UI/UIResurgence/shuzi5.png","sheet":"0123456789","pivotY":64,"pivotX":120,"name":"Countdown","height":128,"align":"center"},"compId":33},{"type":"Sprite","props":{"y":794,"x":360,"width":410,"var":"BtnResurgence","texture":"Game/UI/UIResurgence/fuhuoanniu.png","pivotY":85,"pivotX":205,"name":"BtnResurgence","height":169},"compId":29},{"type":"Sprite","props":{"y":672,"x":348,"width":153,"var":"BtnNo","texture":"Game/UI/UIResurgence/jujue.png","pivotY":19,"pivotX":77,"name":"BtnNo","height":37},"compId":30}]},{"type":"Script","props":{"runtime":"script/Game/UIResurgence.ts"},"compId":31}],"loadList":["Frame/UI/ui_orthogon_black.png","Game/UI/UIResurgence/hongkuang.png","Game/UI/UIResurgence/fuhuo.png","Game/UI/UIResurgence/xin.png","Game/UI/UIResurgence/shuzi5.png","Game/UI/UIResurgence/fuhuoanniu.png","Game/UI/UIResurgence/jujue.png"],"loadList3D":[]}