{"type":"View","props":{"width":720,"height":1280},"compId":2,"child":[{"type":"Image","props":{"y":0,"x":0,"width":720,"var":"Background","skin":"Frame/UI/ui_orthogon_black.png","sizeGrid":"38,16,32,29","pivotY":0,"pivotX":0,"name":"Background","height":1280,"alpha":0.7},"compId":22},{"type":"Sprite","props":{"y":625,"x":360,"width":531,"var":"SceneContent","pivotY":195,"pivotX":266,"name":"SceneContent","height":390,"alpha":1},"compId":9,"child":[{"type":"Image","props":{"y":-78,"x":-34,"width":599,"var":"Board","skin":"Game/UI/Common/di.png","sizeGrid":"105,40,114,32","name":"Board","height":539,"alpha":1},"compId":25},{"type":"Sprite","props":{"y":168.5,"x":114.5,"width":300,"var":"Sound","name":"Sound","height":51},"compId":46,"child":[{"type":"Sprite","props":{"y":1,"x":0,"texture":"Game/UI/UISet/yinxiao.png","name":"Word"},"compId":47},{"type":"Image","props":{"y":6,"x":101,"var":"BtnSound","skin":"Game/UI/UISet/di2.png","name":"BtnSound","alpha":1},"compId":48,"child":[{"type":"Image","props":{"y":-6,"x":102,"var":"SoundOff","skin":"Game/UI/UISet/kai.png","name":"SoundOff"},"compId":49}]}]},{"type":"Sprite","props":{"y":75,"x":116,"width":300,"var":"BgMusic","name":"BgMusic","height":51},"compId":43,"child":[{"type":"Sprite","props":{"y":5,"x":0,"texture":"Game/UI/UISet/yinyue.png","name":"Word"},"compId":45},{"type":"Image","props":{"y":6,"x":98,"var":"BtnBgMusic","skin":"Game/UI/UISet/di2.png","name":"BtnBgMusic","alpha":1},"compId":14,"child":[{"type":"Image","props":{"y":-6,"x":102,"var":"BgMusicOff","skin":"Game/UI/UISet/kai.png","name":"BgMusicOff"},"compId":16}]}]},{"type":"Sprite","props":{"y":251,"x":114.5,"width":300,"var":"Shake","name":"Shake","height":51},"compId":50,"child":[{"type":"Sprite","props":{"y":5,"x":0,"texture":"Game/UI/UISet/yinyue.png","name":"Word"},"compId":51},{"type":"Image","props":{"y":6,"x":98,"var":"BtnShake","skin":"Game/UI/UISet/di1.png","name":"BtnShake","alpha":1},"compId":52,"child":[{"type":"Image","props":{"y":-4,"x":0,"var":"ShakeOff","skin":"Game/UI/UISet/kai.png","name":"ShakeOff"},"compId":53}]}]},{"type":"Sprite","props":{"y":-53,"x":542,"var":"BtnClose","texture":"Game/UI/Common/x.png","pivotY":36,"pivotX":36,"name":"BtnClose"},"compId":12},{"type":"Sprite","props":{"y":-55,"x":221.5,"var":"Logo","texture":"Game/UI/UISet/shehzi.png","name":"Logo"},"compId":8}]},{"type":"Script","props":{"y":3,"x":0,"runtime":"script/Game/UISet.ts"},"compId":21}],"loadList":["Frame/UI/ui_orthogon_black.png","Game/UI/Common/di.png","Game/UI/UISet/yinxiao.png","Game/UI/UISet/di2.png","Game/UI/UISet/kai.png","Game/UI/UISet/yinyue.png","Game/UI/UISet/di1.png","Game/UI/Common/x.png","Game/UI/UISet/shehzi.png"],"loadList3D":[]}