{"type":"View","props":{"width":720,"top":0,"right":0,"left":0,"height":1280,"bottom":0},"compId":2,"child":[{"type":"Script","props":{"y":0,"x":0,"runtime":"script/Game/UIShare.ts"},"compId":37},{"type":"Image","props":{"var":"Background","skin":"Frame/UI/ui_orthogon_black.png","sizeGrid":"41,21,37,32","name":"Background","alpha":0.7},"compId":17},{"type":"Sprite","props":{"y":602,"x":361,"width":674,"var":"BtnShare","texture":"Game/UI/UIShare/tu.png","pivotY":236,"pivotX":337,"name":"BtnShare","height":452},"compId":94},{"type":"Sprite","props":{"y":398,"x":667,"width":32,"var":"BtnClose","texture":"Game/UI/UIShare/x.png","pivotY":17,"pivotX":16,"name":"BtnClose","height":34},"compId":97},{"type":"Sprite","props":{"y":899,"x":362,"width":71,"var":"BtnSkip","texture":"Game/UI/UIShare/tioaguo.png","pivotY":17,"pivotX":36,"name":"BtnSkip","height":34},"compId":98}],"loadList":["Frame/UI/ui_orthogon_black.png","Game/UI/UIShare/tu.png","Game/UI/UIShare/x.png","Game/UI/UIShare/tioaguo.png"],"loadList3D":[]}