{"type":"View","props":{"width":720,"height":1280},"compId":2,"child":[{"type":"Image","props":{"y":0,"x":0,"var":"Background","skin":"Frame/UI/ui_orthogon_black.png","sizeGrid":"39,23,30,22","name":"Background","alpha":0.7},"compId":27},{"type":"Sprite","props":{"y":808,"x":358,"width":22,"var":"FallParent","name":"FallParent","height":21},"compId":60},{"type":"Sprite","props":{"y":656,"x":369,"width":720,"var":"SceneContent","pivotY":250,"pivotX":369,"name":"SceneContent","height":500},"compId":28,"child":[{"type":"Sprite","props":{"y":194,"x":361,"width":954,"var":"Guang2","texture":"Game/UI/UISkinQualified/guang.png","scaleY":1,"scaleX":1,"pivotY":564,"pivotX":477,"name":"Guang2","height":1128},"compId":42},{"type":"Sprite","props":{"y":194,"x":361,"width":954,"var":"Guang1","texture":"Game/UI/UISkinQualified/guang.png","scaleY":1,"scaleX":1,"pivotY":564,"pivotX":477,"name":"Guang1","height":1128},"compId":38},{"type":"Sprite","props":{"y":-91,"x":18,"var":"GoldenFrame1","texture":"Game/UI/UISkinQualified/kuang.png","name":"GoldenFrame1"},"compId":5},{"type":"Sprite","props":{"y":-72,"x":36,"width":646,"var":"CardParent","name":"CardParent","height":531},"compId":8,"child":[{"type":"Image","props":{"y":-318,"x":-18,"skin":"Game/UI/UISkinQualified/mask.png","renderType":"mask","name":"Mask"},"compId":16},{"type":"Image","props":{"y":386,"x":449,"width":353,"var":"Card5","skin":"Game/UI/UISkinQualified/7.png","pivotY":252,"pivotX":177,"name":"Card5","height":504},"compId":15,"child":[{"type":"Image","props":{"y":0,"x":0,"width":355,"skin":"Frame/UI/ui_orthogon_blue.png","sizeGrid":"19,6,15,7","name":"Color","height":504,"alpha":0.5},"compId":83}]},{"type":"Image","props":{"y":346,"x":418,"var":"Card6","skin":"Game/UI/UISkinQualified/5.png","pivotY":252,"pivotX":177,"name":"Card6"},"compId":13,"child":[{"type":"Image","props":{"y":0,"x":0,"width":355,"skin":"Frame/UI/ui_orthogon_blue.png","sizeGrid":"19,6,15,7","name":"Color","height":504,"alpha":0.5},"compId":82}]},{"type":"Image","props":{"y":309,"x":380,"var":"Card7","skin":"Game/UI/UISkinQualified/3.png","pivotY":252,"pivotX":177,"name":"Card7"},"compId":11,"child":[{"type":"Image","props":{"y":0,"x":0,"width":355,"skin":"Frame/UI/ui_orthogon_blue.png","sizeGrid":"19,6,15,7","name":"Color","height":504,"alpha":0.5},"compId":81}]},{"type":"Image","props":{"y":385,"x":214,"var":"Card4","skin":"Game/UI/UISkinQualified/6.png","pivotY":252,"pivotX":177,"name":"Card4"},"compId":14,"child":[{"type":"Image","props":{"y":0,"x":0,"width":355,"skin":"Frame/UI/ui_orthogon_blue.png","sizeGrid":"19,6,15,7","name":"Color","height":504,"alpha":0.5},"compId":80}]},{"type":"Image","props":{"y":346,"x":241,"var":"Card3","skin":"Game/UI/UISkinQualified/4.png","pivotY":252,"pivotX":177,"name":"Card3"},"compId":12,"child":[{"type":"Image","props":{"y":0,"x":0,"width":355,"skin":"Frame/UI/ui_orthogon_blue.png","sizeGrid":"19,6,15,7","name":"Color","height":504,"alpha":0.5},"compId":79}]},{"type":"Image","props":{"y":309,"x":282,"var":"Card2","skin":"Game/UI/UISkinQualified/2.png","pivotY":252,"pivotX":177,"name":"Card2"},"compId":10,"child":[{"type":"Image","props":{"y":0,"x":0,"width":355,"skin":"Frame/UI/ui_orthogon_blue.png","sizeGrid":"19,6,15,7","name":"Color","height":504,"alpha":0.5},"compId":78}]},{"type":"Image","props":{"y":262,"x":331,"var":"Card1","skin":"Game/UI/UISkinQualified/1.png","pivotY":252,"pivotX":177,"name":"Card1"},"compId":9,"child":[{"type":"Image","props":{"y":0,"x":0,"width":355,"skin":"Frame/UI/ui_orthogon_blue.png","sizeGrid":"19,6,15,7","name":"Color","height":504,"alpha":0.5},"compId":77}]}]},{"type":"Sprite","props":{"y":486,"x":371,"width":496,"var":"Logo2","texture":"Game/UI/UISkinQualified/zi.png","pivotY":46,"pivotX":248,"name":"Logo2","height":91},"compId":19},{"type":"Image","props":{"y":714,"x":364,"width":333,"var":"BtnGet","skin":"Game/UI/Common/anniu.png","sizeGrid":"0,79,0,103","pivotY":60,"pivotX":167,"name":"BtnGet","height":120,"alpha":1},"compId":21,"child":[{"type":"Sprite","props":{"y":32,"x":51,"texture":"Game/UI/UISkinQualified/shipin.png"},"compId":22},{"type":"Sprite","props":{"y":41,"x":225,"texture":"Game/UI/UISkinQualified/shuzi-1.png"},"compId":23},{"type":"FontClip","props":{"y":39,"x":239,"value":"7","skin":"Game/UI/UISkinQualified/shuzi.png","sheet":"0123456789"},"compId":24},{"type":"FontClip","props":{"y":39,"x":199,"var":"AdsNum","value":"0","skin":"Game/UI/UISkinQualified/shuzi.png","sheet":"0123456789","name":"AdsNum"},"compId":25},{"type":"Sprite","props":{"y":38,"x":188.5,"texture":"Game/UI/Common/kuohao.png"},"compId":32},{"type":"Sprite","props":{"y":37,"x":107.5,"texture":"Game/UI/Common/lingqu.png"},"compId":33}]},{"type":"Label","props":{"y":688,"x":105,"var":"AlreadyGet","text":"已经获得，请前往卡牌界面查看！","strokeColor":"#4d7529","stroke":3,"name":"AlreadyGet","fontSize":35,"color":"#ffffff","bold":true},"compId":35},{"type":"Sprite","props":{"y":46,"x":115,"width":24,"var":"StarParent1","name":"StarParent1","height":21},"compId":43},{"type":"Sprite","props":{"y":46,"x":598,"width":24,"var":"StarParent2","name":"StarParent2","height":21},"compId":44},{"type":"Sprite","props":{"y":490.5,"x":370,"width":24,"var":"StarParent3","name":"StarParent3","height":21},"compId":51}]},{"type":"Sprite","props":{"zOrder":10,"y":116,"x":83,"width":82,"var":"BtnBack","texture":"Game/UI/Common/fanhui.png","pivotY":41,"pivotX":41,"name":"BtnBack","height":82},"compId":30},{"type":"Script","props":{"runtime":"script/Game/UISkinQualified.ts"},"compId":31},{"type":"Sprite","props":{"y":124,"x":103.5,"width":509,"var":"Logo1Set","name":"Logo1Set","height":170},"compId":65,"child":[{"type":"Image","props":{"y":31,"x":61.5,"width":391,"skin":"Frame/UI/ui_orthogon_black.png","height":102},"compId":64,"child":[{"type":"Image","props":{"y":6,"x":5.5,"skin":"Game/UI/UISkinQualified/taoka.png","renderType":"mask"},"compId":66}]},{"type":"Image","props":{"y":78,"x":257,"width":380,"var":"Logo1","skin":"Frame/UI/ui_orthogon_gray.png","pivotY":45,"pivotX":190,"name":"Logo1","height":90},"compId":57,"child":[{"type":"Image","props":{"y":45,"x":190,"width":380,"skin":"Game/UI/UISkinQualified/taoka.png","renderType":"mask","pivotY":45,"pivotX":190,"name":"Mask","height":90},"compId":58},{"type":"Image","props":{"y":65,"x":450,"width":304,"var":"Logo1Liuguang","skin":"Frame/UI/ui_orthogon_wihet.png","sizeGrid":"10,11,11,15","rotation":-64,"pivotY":25,"pivotX":152,"name":"Logo1Liuguang","height":50},"compId":59}]}]}],"loadList":["Frame/UI/ui_orthogon_black.png","Game/UI/UISkinQualified/guang.png","Game/UI/UISkinQualified/kuang.png","Game/UI/UISkinQualified/mask.png","Game/UI/UISkinQualified/7.png","Frame/UI/ui_orthogon_blue.png","Game/UI/UISkinQualified/5.png","Game/UI/UISkinQualified/3.png","Game/UI/UISkinQualified/6.png","Game/UI/UISkinQualified/4.png","Game/UI/UISkinQualified/2.png","Game/UI/UISkinQualified/1.png","Game/UI/UISkinQualified/zi.png","Game/UI/Common/anniu.png","Game/UI/UISkinQualified/shipin.png","Game/UI/UISkinQualified/shuzi-1.png","Game/UI/UISkinQualified/shuzi.png","Game/UI/Common/kuohao.png","Game/UI/Common/lingqu.png","Game/UI/Common/fanhui.png","Game/UI/UISkinQualified/taoka.png","Frame/UI/ui_orthogon_gray.png","Frame/UI/ui_orthogon_wihet.png"],"loadList3D":[]}