{"type":"View","props":{"width":720,"height":1280},"compId":2,"child":[{"type":"Image","props":{"y":640,"x":360,"width":720,"var":"Background","skin":"Frame/UI/ui_orthogon_black.png","sizeGrid":"35,15,47,13","pivotY":640,"pivotX":360,"name":"Background","mouseEnabled":false,"height":1280,"alpha":0.7},"compId":34},{"type":"Sprite","props":{"y":286,"x":24,"width":672,"var":"SceneContent","name":"SceneContent","height":748},"compId":141,"child":[{"type":"Sprite","props":{"y":-286,"x":-24,"width":720,"var":"ClickBg","name":"ClickBg","height":1650},"compId":191},{"type":"Image","props":{"y":-19,"x":29,"skin":"UI/Inherit/yangshi.png","sizeGrid":"50,26,50,31","alpha":1},"compId":36},{"type":"Image","props":{"y":104,"x":117,"width":150,"var":"SkinPic","name":"SkinPic","height":160},"compId":25},{"type":"Sprite","props":{"y":401,"x":29,"width":17,"var":"Platform","name":"Platform","height":19},"compId":165,"child":[{"type":"Sprite","props":{"y":212,"x":38,"width":14,"var":"Bytedance","name":"Bytedance","height":19},"compId":150,"child":[{"type":"Sprite","props":{"y":0,"x":49,"width":24,"var":"Low","name":"Low","height":20},"compId":155,"child":[{"type":"Sprite","props":{"y":307,"x":85,"width":32,"var":"Bytedance_Low_Select","texture":"UI/Common/yuan1.png","name":"Bytedance_Low_Select","height":32},"compId":159,"child":[{"type":"Sprite","props":{"y":8.25,"x":8.25,"var":"Bytedance_Low_Dot","texture":"UI/Common/yuan2.png","name":"Bytedance_Low_Dot"},"compId":160},{"type":"Sprite","props":{"y":0,"x":40,"texture":"UI/Inherit/word2.png","name":"Word"},"compId":183}]},{"type":"Sprite","props":{"y":80,"x":226,"width":247,"var":"Bytedance_Low_BtnGet","texture":"UI/Inherit/jieshou.png","pivotY":55,"pivotX":124,"name":"Bytedance_Low_BtnGet","height":110},"compId":156},{"type":"Sprite","props":{"y":190,"x":94,"texture":"UI/Inherit/word1.png","name":"点击空白处开始游戏"},"compId":187}]},{"type":"Sprite","props":{"y":0,"x":49,"width":21,"var":"Mid","name":"Mid","height":24},"compId":177,"child":[{"type":"Sprite","props":{"y":307,"x":85,"width":32,"var":"Bytedance_Mid_Select","texture":"UI/Common/yuan1.png","name":"Bytedance_Mid_Select","height":32},"compId":178,"child":[{"type":"Sprite","props":{"y":8.25,"x":8.25,"var":"Bytedance_Mid_Dot","texture":"UI/Common/yuan2.png","name":"Bytedance_Mid_Dot"},"compId":179},{"type":"Sprite","props":{"y":0,"x":40,"texture":"UI/Inherit/word2.png","name":"Word"},"compId":184}]},{"type":"Sprite","props":{"y":80,"x":226,"width":247,"var":"Bytedance_Mid_BtnGet","texture":"UI/Inherit/jieshou.png","pivotY":55,"pivotX":124,"name":"Bytedance_Mid_BtnGet","height":110},"compId":181},{"type":"Sprite","props":{"y":190,"x":94,"texture":"UI/Inherit/word1.png","name":"点击空白处开始游戏"},"compId":185}]},{"type":"Sprite","props":{"y":96,"x":270,"width":20,"var":"High","pivotY":96,"pivotX":268,"name":"High","height":33},"compId":153,"child":[{"type":"Sprite","props":{"y":80,"x":407,"width":247,"var":"Bytedance_High_BtnGet","texture":"UI/Inherit/jieshou.png","pivotY":55,"pivotX":124,"name":"Bytedance_High_BtnGet","height":110},"compId":88},{"type":"Sprite","props":{"y":80,"x":135,"width":247,"var":"Bytedance_High_BtnNo","texture":"UI/Inherit/bupei.png","pivotY":55,"pivotX":124,"name":"Bytedance_High_BtnNo","height":110},"compId":140}]}]},{"type":"Sprite","props":{"y":225,"x":313,"width":275,"var":"OPPO","name":"OPPO","height":135},"compId":151,"child":[{"type":"Image","props":{"y":66,"x":133,"width":250,"var":"OPPO_BtnGet","skin":"UI/Common/anniu.png","sizeGrid":"50,61,49,92","pivotY":55,"pivotX":124,"name":"OPPO_BtnGet","height":113},"compId":147,"child":[{"type":"Sprite","props":{"y":13,"x":176,"width":63,"texture":"UI/Common/shipin.png","height":88},"compId":148},{"type":"Sprite","props":{"y":38,"x":49,"texture":"UI/Common/jieshou.png"},"compId":149}]},{"type":"Sprite","props":{"y":66,"x":-138,"width":247,"var":"OPPO_BtnNo","texture":"UI/Inherit/bupei.png","pivotY":55,"pivotX":124,"name":"OPPO_BtnNo","height":110},"compId":164}]},{"type":"Sprite","props":{"y":212,"x":41,"var":"WeChat","name":"WeChat"},"compId":192,"child":[{"type":"Sprite","props":{"y":80,"x":407,"width":247,"var":"WeChat_BtnGet","texture":"UI/Inherit/jieshou.png","pivotY":55,"pivotX":124,"name":"WeChat_BtnGet","height":110},"compId":193},{"type":"Sprite","props":{"y":80,"x":135,"width":247,"var":"WeChat_BtnNo","texture":"UI/Inherit/bupei.png","pivotY":55,"pivotX":124,"name":"WeChat_BtnNo","height":110},"compId":194}]}]}]},{"type":"Script","props":{"runtime":"script/Game/UISkinTry.ts"},"compId":143}],"loadList":["Frame/UI/ui_orthogon_black.png","UI/Inherit/yangshi.png","UI/Common/yuan1.png","UI/Common/yuan2.png","UI/Inherit/word2.png","UI/Inherit/jieshou.png","UI/Inherit/word1.png","UI/Inherit/bupei.png","UI/Common/anniu.png","UI/Common/shipin.png","UI/Common/jieshou.png"],"loadList3D":[]}