{"type":"View","props":{"width":720,"height":1280},"compId":2,"child":[{"type":"Image","props":{"y":640,"x":360,"width":720,"var":"Background","skin":"Frame/UI/ui_orthogon_black.png","sizeGrid":"35,15,47,13","pivotY":640,"pivotX":360,"name":"Background","mouseEnabled":false,"height":1280,"alpha":0.7},"compId":34},{"type":"Sprite","props":{"y":284,"x":20,"width":672,"var":"SceneContent","name":"SceneContent","height":748},"compId":141,"child":[{"type":"Image","props":{"y":-19,"x":29,"skin":"UI/Inherit/yangshi.png","sizeGrid":"50,26,50,31","alpha":1},"compId":36},{"type":"Sprite","props":{"y":693,"x":475,"width":247,"var":"BtnGet_WeChat","texture":"UI/Inherit/jieshou.png","pivotY":55,"pivotX":124,"name":"BtnGet_WeChat","height":110},"compId":88},{"type":"Image","props":{"y":692,"x":475,"width":250,"var":"BtnGet_OPPO","skin":"UI/Common/anniu.png","sizeGrid":"50,61,49,92","pivotY":55,"pivotX":124,"name":"BtnGet_OPPO","height":113},"compId":147,"child":[{"type":"Sprite","props":{"y":13,"x":176,"width":63,"texture":"UI/Common/shipin.png","height":88},"compId":148},{"type":"Sprite","props":{"y":38,"x":49,"texture":"UI/Common/jieshou.png"},"compId":149}]},{"type":"Image","props":{"y":104,"x":117,"width":150,"var":"SkinPic","name":"SkinPic","height":160},"compId":25},{"type":"Sprite","props":{"y":693,"x":204,"width":247,"var":"BtnNo","texture":"UI/Inherit/bupei.png","pivotY":55,"pivotX":124,"name":"BtnNo","height":110},"compId":140}]},{"type":"Script","props":{"runtime":"script/Game/UISkinTry.ts"},"compId":143}],"loadList":["Frame/UI/ui_orthogon_black.png","UI/Inherit/yangshi.png","UI/Inherit/jieshou.png","UI/Common/anniu.png","UI/Common/shipin.png","UI/Common/jieshou.png","UI/Inherit/bupei.png"],"loadList3D":[]}