{"type":"View","props":{"y":0,"x":0,"width":720,"visible":true,"height":1280},"compId":2,"child":[{"type":"Image","props":{"y":0,"x":0,"var":"Background","skin":"UI/Common/bg.png","sizeGrid":"378,186,605,186","name":"Background","alpha":0},"compId":494},{"type":"Sprite","props":{"y":157,"x":111,"width":510,"var":"LevelDisplay","name":"LevelDisplay","height":85},"compId":435,"child":[{"type":"Image","props":{"y":33,"x":43,"width":428,"skin":"UI/GameStart/jindu_di.png","sizeGrid":"0,9,0,10","height":28},"compId":443},{"type":"Sprite","props":{"var":"LevelStyle","name":"LevelStyle"},"compId":445,"child":[{"type":"Sprite","props":{"y":10,"x":423,"width":75,"name":"location_04","height":70},"compId":462,"child":[{"type":"Image","props":{"y":26,"x":-48,"width":64,"skin":"UI/GameStart/jindu_2.png","sizeGrid":"0,16,0,7","name":"Color","height":18},"compId":454},{"type":"Image","props":{"y":0,"x":0,"skin":"UI/GameStart/jindu_hui.png","name":"Pic"},"compId":455},{"type":"FontClip","props":{"y":14,"x":15,"width":36,"value":"15","spaceX":-10,"skin":"UI/Common/shuzi2.png","sheet":"0123456789","name":"Num","height":41,"align":"center"},"compId":459}]},{"type":"Sprite","props":{"y":10,"x":319,"width":75,"name":"location_03","height":70},"compId":467,"child":[{"type":"Image","props":{"y":26,"x":-48,"width":64,"skin":"UI/GameStart/jindu_2.png","sizeGrid":"0,16,0,7","name":"Color","height":18},"compId":468},{"type":"Image","props":{"y":0,"x":0,"skin":"UI/GameStart/jindi_huan.png","name":"Pic"},"compId":469},{"type":"FontClip","props":{"y":14,"x":15,"width":36,"value":"15","spaceX":-10,"skin":"UI/Common/shuzi2.png","sheet":"0123456789","name":"Num","height":41,"align":"center"},"compId":470}]},{"type":"Sprite","props":{"y":10,"x":217,"width":75,"name":"location_02","height":70},"compId":471,"child":[{"type":"Image","props":{"y":26,"x":-48,"width":64,"skin":"UI/GameStart/jindu_2.png","sizeGrid":"0,16,0,7","name":"Color","height":18},"compId":472},{"type":"Image","props":{"y":0,"x":0,"skin":"UI/GameStart/jindi_huan.png","name":"Pic"},"compId":473},{"type":"FontClip","props":{"y":14,"x":15,"width":36,"value":"15","spaceX":-10,"skin":"UI/Common/shuzi2.png","sheet":"0123456789","name":"Num","height":41,"align":"center"},"compId":474}]},{"type":"Sprite","props":{"y":10,"x":113,"width":75,"name":"location_01","height":70},"compId":475,"child":[{"type":"Image","props":{"y":26,"x":-48,"width":64,"skin":"UI/GameStart/jindu_2.png","sizeGrid":"0,16,0,7","name":"Color","height":18},"compId":476},{"type":"Image","props":{"y":0,"x":0,"skin":"UI/GameStart/jindi_huan.png","name":"Pic"},"compId":477},{"type":"FontClip","props":{"y":14,"x":15,"width":36,"value":"15","spaceX":-10,"skin":"UI/Common/shuzi2.png","sheet":"0123456789","name":"Num","height":41,"align":"center"},"compId":478}]},{"type":"Sprite","props":{"y":10,"x":10,"width":75,"name":"location_00","height":70},"compId":479,"child":[{"type":"Image","props":{"y":0,"x":0,"skin":"UI/GameStart/jindi_huan.png","name":"Pic"},"compId":481},{"type":"FontClip","props":{"y":14,"x":15,"width":36,"value":"15","spaceX":-10,"skin":"UI/Common/shuzi2.png","sheet":"0123456789","name":"Num","height":41,"align":"center"},"compId":482}]}]}]},{"type":"Script","props":{"runtime":"script/Game/UIStart.ts"},"compId":484},{"type":"Sprite","props":{"y":938,"x":372,"width":279,"var":"Guide","texture":"UI/GameStart/ui_guide.png","pivotY":64,"pivotX":140,"name":"Guide","height":128},"compId":496,"child":[{"type":"Sprite","props":{"y":0,"x":65,"var":"Hand","texture":"UI/GameStart/icon_hand.png","name":"Hand"},"compId":497}]},{"type":"Sprite","props":{"y":-300,"x":428,"width":104,"var":"EasterEgg_Aotuman","pivotY":73,"pivotX":52,"name":"EasterEgg_Aotuman","height":145},"compId":498,"child":[{"type":"Image","props":{"y":-21,"x":26,"var":"Clamp","name":"Clamp"},"compId":500,"child":[{"type":"Image","props":{"y":80,"x":18,"var":"LeftClamp","skin":"UI/EasterEgg_Aotoman/GameStart/zhazi_2.png","scaleX":-1,"rotation":0,"name":"LeftClamp"},"compId":501},{"type":"Image","props":{"y":82,"x":34,"width":30,"var":"RightClamp","skin":"UI/EasterEgg_Aotoman/GameStart/zhazi_2.png","rotation":0,"name":"RightClamp","height":55},"compId":499},{"type":"Sprite","props":{"texture":"UI/EasterEgg_Aotoman/GameStart/zhuazi_1.png"},"compId":505}]},{"type":"Image","props":{"y":118,"x":52,"width":33,"var":"PicAotuman","skin":"UI/EasterEgg_Aotoman/GameStart/renwu_xiao.png","pivotY":31,"pivotX":17,"name":"PicAotuman","height":61},"compId":502}]},{"type":"Box","props":{"y":1280,"width":700,"visible":true,"var":"P204","pivotY":150,"pivotX":350,"name":"P204","height":150,"centerX":10},"compId":521,"child":[{"type":"Image","props":{"width":843,"visible":true,"top":0,"skin":"Frame/UI/ui_square_007.png","sizeGrid":"0,22,0,20","name":"bg","left":-56,"height":150,"bottom":0,"anchorY":0.5,"anchorX":0.5,"alpha":1},"compId":522},{"type":"Panel","props":{"top":0,"right":0,"name":"scroll","left":0,"elasticEnabled":false,"bottom":0,"anchorY":0.5,"anchorX":0.5},"compId":523,"child":[{"type":"List","props":{"y":0,"x":0,"width":700,"spaceX":20,"repeatY":1,"name":"layout","height":150,"anchorY":0,"anchorX":0},"compId":524,"child":[{"type":"Box","props":{"y":75,"x":75,"width":110,"renderType":"render","name":"item","height":150,"anchorY":0.5,"anchorX":0.5},"compId":525,"child":[{"type":"Image","props":{"width":110,"skin":"UI/Elect/hutui_xia_icon.png","name":"icon","height":110,"centerY":-10,"centerX":0,"anchorY":0.5,"anchorX":0.5},"compId":526,"child":[{"type":"Image","props":{"width":23,"visible":false,"skin":"TJ/Promo/image/y1.png","name":"flag1","height":23,"centerY":-50,"centerX":50,"anchorY":0.5,"anchorX":0.5},"compId":527},{"type":"Image","props":{"width":45,"visible":false,"skin":"TJ/Promo/image/hb2.png","name":"flag2","height":23,"centerY":-50,"centerX":45,"anchorY":0.5,"anchorX":0.5},"compId":528},{"type":"Image","props":{"width":45,"visible":false,"skin":"TJ/Promo/image/rm3.png","name":"flag3","height":23,"centerY":-50,"centerX":45,"anchorY":0.5,"anchorX":0.5},"compId":529}]},{"type":"Script","props":{"runtime":"TJ/Promo/script/PromoItem.ts"},"compId":530},{"type":"Script","props":{"runtime":"TJ/Promo/script/ButtonScale.ts"},"compId":531},{"type":"Label","props":{"x":0,"wordWrap":false,"width":126,"valign":"middle","text":"游戏名字","name":"name","multiline":false,"mouseEnabled":false,"height":21,"fontSize":18,"editable":false,"color":"#000000","centerY":60,"centerX":0,"anchorY":0.5,"anchorX":0.5,"align":"center"},"compId":532}]}]}]},{"type":"Script","props":{"runtime":"TJ/Promo/script/P204.ts"},"compId":533}]},{"type":"Sprite","props":{"y":485,"x":0,"width":1,"var":"SceneContent","name":"SceneContent","height":1},"compId":534,"child":[{"type":"Sprite","props":{"y":505,"x":65,"width":116,"var":"BtnTask","texture":"UI/GameStart/renwu.png","pivotY":59,"pivotX":58,"name":"BtnTask","height":117},"compId":428},{"type":"Sprite","props":{"y":354,"x":84,"width":154,"var":"BtnXDSkin","texture":"UI/GameStart/xiandin2.png","pivotY":74,"pivotX":77,"name":"BtnXDSkin","height":147},"compId":426,"child":[{"type":"Image","props":{"y":63,"x":77,"width":100,"var":"Aotuman","skin":"UI/Shop/Props/xiandanren.png","pivotY":60,"pivotX":50,"name":"Aotuman","height":120},"compId":495},{"type":"Sprite","props":{"y":-13,"x":85,"texture":"UI/GameStart/xiandin1.png"},"compId":427}]},{"type":"Sprite","props":{"y":505,"x":651,"width":116,"var":"BtnSkin","texture":"UI/GameStart/pifu.png","pivotY":59,"pivotX":58,"name":"BtnSkin","height":117},"compId":425},{"type":"Sprite","props":{"y":366,"x":651,"width":116,"var":"BtnCheck","texture":"UI/GameStart/qiandao.png","pivotY":59,"pivotX":58,"name":"BtnCheck","height":117},"compId":424},{"type":"Sprite","props":{"y":186,"x":635,"width":166,"var":"BtnAotuman","texture":"UI/EasterEgg_Aotoman/GameStart/zhujiem.png","pivotY":89,"pivotX":83,"name":"BtnAotuman","height":178},"compId":504}]},{"type":"Sprite","props":{"y":0,"x":0,"width":727,"var":"P201","height":564},"compId":637,"child":[{"type":"Box","props":{"y":379,"x":654,"width":112,"name":"P201","height":138,"anchorY":0.5,"anchorX":0.5},"compId":640,"child":[{"type":"Image","props":{"width":102,"skin":"TJ/Promo/image/jx8.png","name":"icon","height":102,"centerY":-13,"centerX":0,"anchorY":0.5,"anchorX":0.5},"compId":641,"child":[{"type":"Image","props":{"width":112,"skin":"UI/Elect/mainpush.png","name":"kk","height":138,"centerY":13,"centerX":0},"compId":642},{"type":"Image","props":{"width":23,"visible":false,"skin":"TJ/Promo/image/y1.png","name":"flag1","height":23,"centerY":-45,"centerX":45,"anchorY":0.5,"anchorX":0.5},"compId":643},{"type":"Image","props":{"width":45,"visible":false,"skin":"TJ/Promo/image/hb2.png","name":"flag2","height":23,"centerY":-44,"centerX":40,"anchorY":0.5,"anchorX":0.5},"compId":644},{"type":"Image","props":{"width":45,"visible":false,"skin":"TJ/Promo/image/rm3.png","name":"flag3","height":23,"centerY":-44,"centerX":40,"anchorY":0.5,"anchorX":0.5},"compId":645}]},{"type":"Label","props":{"wordWrap":false,"width":105,"valign":"middle","text":"这里是游戏名称","name":"name","multiline":false,"mouseEnabled":false,"height":18,"fontSize":15,"editable":false,"centerY":54,"centerX":0,"anchorY":0.5,"anchorX":0.5,"align":"center"},"compId":646},{"type":"Script","props":{"runtime":"TJ/Promo/script/PromoItem.ts"},"compId":647},{"type":"Script","props":{"runtime":"TJ/Promo/script/ButtonScale.ts"},"compId":648},{"type":"Script","props":{"shake":true,"runtime":"TJ/Promo/script/P201.ts"},"compId":649}]},{"type":"Box","props":{"y":379,"x":68,"width":112,"name":"P201","height":138,"anchorY":0.5,"anchorX":0.5},"compId":650,"child":[{"type":"Image","props":{"width":102,"skin":"TJ/Promo/image/jx8.png","name":"icon","height":102,"centerY":-13,"centerX":0,"anchorY":0.5,"anchorX":0.5},"compId":651,"child":[{"type":"Image","props":{"width":112,"skin":"UI/Elect/mainpush.png","name":"kk","height":138,"centerY":13,"centerX":0},"compId":652},{"type":"Image","props":{"width":23,"visible":false,"skin":"TJ/Promo/image/y1.png","name":"flag1","height":23,"centerY":-45,"centerX":45,"anchorY":0.5,"anchorX":0.5},"compId":653},{"type":"Image","props":{"width":45,"visible":false,"skin":"TJ/Promo/image/hb2.png","name":"flag2","height":23,"centerY":-44,"centerX":40,"anchorY":0.5,"anchorX":0.5},"compId":654},{"type":"Image","props":{"width":45,"visible":false,"skin":"TJ/Promo/image/rm3.png","name":"flag3","height":23,"centerY":-44,"centerX":40,"anchorY":0.5,"anchorX":0.5},"compId":655}]},{"type":"Label","props":{"wordWrap":false,"width":105,"valign":"middle","text":"这里是游戏名称","name":"name","multiline":false,"mouseEnabled":false,"height":18,"fontSize":15,"editable":false,"centerY":54,"centerX":0,"anchorY":0.5,"anchorX":0.5,"align":"center"},"compId":656},{"type":"Script","props":{"runtime":"TJ/Promo/script/PromoItem.ts"},"compId":657},{"type":"Script","props":{"runtime":"TJ/Promo/script/ButtonScale.ts"},"compId":658},{"type":"Script","props":{"shake":true,"runtime":"TJ/Promo/script/P201.ts"},"compId":659}]}]},{"type":"Image","props":{"y":624,"x":0,"width":100,"var":"P205","height":100},"compId":638,"child":[{"type":"Box","props":{"y":247,"x":3,"width":1,"name":"P205","left":2,"height":1,"centerY":92,"anchorY":0.5,"anchorX":0.5},"compId":583,"child":[{"type":"Box","props":{"width":1,"name":"move","height":1,"centerY":0,"centerX":0,"anchorY":0.5,"anchorX":0.5},"compId":584,"child":[{"type":"Box","props":{"width":1,"name":"button","height":1,"centerY":-200,"centerX":-4,"anchorY":0.5,"anchorX":0.5},"compId":585,"child":[{"type":"Button","props":{"y":50,"x":45,"width":90,"name":"show","height":100,"centerY":0,"centerX":44,"anchorY":0.5,"anchorX":0.5},"compId":586,"child":[{"type":"Image","props":{"width":89,"skin":"UI/GameStart/genduo.png","height":100,"centerY":0,"centerX":0,"anchorY":0.5,"anchorX":0.5},"compId":587,"child":[{"type":"Image","props":{"width":29,"skin":"TJ/Promo/image/tishi.png","height":32,"centerY":-36,"centerX":33,"anchorY":0.5,"anchorX":0.5},"compId":588}]},{"type":"Script","props":{"runtime":"TJ/Promo/script/ButtonScale.ts"},"compId":589}]},{"type":"Button","props":{"y":50,"x":45,"width":90,"visible":false,"name":"hide","height":100,"centerY":0,"centerX":44,"anchorY":0.5,"anchorX":0.5},"compId":590,"child":[{"type":"Image","props":{"width":89,"skin":"UI/GameStart/genduo.png","height":100,"centerY":0,"centerX":0,"anchorY":0.5,"anchorX":0.5},"compId":591},{"type":"Script","props":{"runtime":"TJ/Promo/script/ButtonScale.ts"},"compId":592}]}]},{"type":"Box","props":{"width":640,"name":"board","height":680,"centerY":0,"centerX":-324,"anchorY":0.5,"anchorX":0.5},"compId":593,"child":[{"type":"Image","props":{"top":0,"skin":"TJ/Promo/image/di2.png","sizeGrid":"30,26,34,0","right":0,"name":"bg","left":0,"bottom":0,"anchorY":0.5,"anchorX":0.5},"compId":594},{"type":"Panel","props":{"width":570,"name":"scroll","height":620,"elasticEnabled":false,"centerY":0,"centerX":10,"anchorY":0.5,"anchorX":0.5},"compId":595,"child":[{"type":"List","props":{"y":0,"x":0,"width":570,"spaceY":0,"spaceX":20,"space":10,"name":"layout","height":620,"anchorY":0,"anchorX":0,"align":"middle"},"compId":596,"child":[{"type":"Box","props":{"y":107.5,"x":95,"width":170,"renderType":"render","name":"item","height":195,"anchorY":0.5,"anchorX":0.5},"compId":597,"child":[{"type":"Image","props":{"width":150,"skin":"TJ/Promo/image/jx8.png","name":"icon","height":150,"centerY":-11,"centerX":0,"anchorY":0.5,"anchorX":0.5},"compId":598,"child":[{"type":"Image","props":{"width":157,"skin":"TJ/Promo/image/kk1.png","name":"kk","height":157,"centerY":0,"centerX":0},"compId":599},{"type":"Image","props":{"width":83,"visible":false,"skin":"TJ/Promo/image/new2.png","name":"flag1","height":83,"centerY":-37,"centerX":37,"anchorY":0.5,"anchorX":0.5},"compId":600},{"type":"Image","props":{"width":83,"visible":false,"skin":"TJ/Promo/image/remen1.png","name":"flag2","height":83,"centerY":-37,"centerX":37,"anchorY":0.5,"anchorX":0.5},"compId":601},{"type":"Image","props":{"width":83,"visible":false,"skin":"TJ/Promo/image/tuijian2.png","name":"flag3","height":83,"centerY":-37,"centerX":37,"anchorY":0.5,"anchorX":0.5},"compId":602}]},{"type":"Label","props":{"wordWrap":false,"width":170,"valign":"middle","text":"这里是游戏名称","name":"name","multiline":false,"mouseEnabled":false,"height":21,"fontSize":18,"editable":false,"centerY":85,"centerX":0,"anchorY":0.5,"anchorX":0.5,"align":"center"},"compId":603},{"type":"Script","props":{"runtime":"TJ/Promo/script/PromoItem.ts"},"compId":604},{"type":"Script","props":{"runtime":"TJ/Promo/script/ButtonScale.ts"},"compId":605}]}]}]}]}]},{"type":"Script","props":{"runtime":"TJ/Promo/script/P205.ts"},"compId":606}]}]}],"animations":[{"nodes":[{"target":497,"keyframes":{"y":[{"value":0,"tweenMethod":"linearNone","tween":true,"target":497,"key":"y","index":0},{"value":25,"tweenMethod":"linearNone","tween":true,"target":497,"key":"y","index":5},{"value":56,"tweenMethod":"linearNone","tween":true,"target":497,"key":"y","index":10},{"value":96,"tweenMethod":"linearNone","tween":true,"target":497,"key":"y","index":15},{"value":108,"tweenMethod":"linearNone","tween":true,"target":497,"key":"y","index":20},{"value":92,"tweenMethod":"linearNone","tween":true,"target":497,"key":"y","index":25},{"value":52,"tweenMethod":"linearNone","tween":true,"target":497,"key":"y","index":30},{"value":13.5,"tweenMethod":"linearNone","tween":true,"target":497,"key":"y","index":35},{"value":2,"tweenMethod":"linearNone","tween":true,"target":497,"key":"y","index":40},{"value":25.5,"tweenMethod":"linearNone","tween":true,"target":497,"key":"y","index":45},{"value":63,"tweenMethod":"linearNone","tween":true,"target":497,"key":"y","index":50},{"value":94,"tweenMethod":"linearNone","tween":true,"target":497,"key":"y","index":55},{"value":105,"tweenMethod":"linearNone","tween":true,"target":497,"key":"y","index":60},{"value":97.5,"tweenMethod":"linearNone","tween":true,"target":497,"key":"y","index":65},{"value":50,"tweenMethod":"linearNone","tween":true,"target":497,"key":"y","index":70},{"value":19,"tweenMethod":"linearNone","tween":true,"target":497,"key":"y","index":75},{"value":0,"tweenMethod":"linearNone","tween":true,"target":497,"label":null,"key":"y","index":80}],"x":[{"value":67,"tweenMethod":"linearNone","tween":true,"target":497,"key":"x","index":0},{"value":103.5,"tweenMethod":"linearNone","tween":true,"target":497,"key":"x","index":5},{"value":130,"tweenMethod":"linearNone","tween":true,"target":497,"key":"x","index":10},{"value":204,"tweenMethod":"linearNone","tween":true,"target":497,"key":"x","index":20},{"value":243,"tweenMethod":"linearNone","tween":true,"target":497,"key":"x","index":25},{"value":263,"tweenMethod":"linearNone","tween":true,"target":497,"key":"x","index":30},{"value":208,"tweenMethod":"linearNone","tween":true,"target":497,"key":"x","index":40},{"value":160.25,"tweenMethod":"linearNone","tween":true,"target":497,"key":"x","index":45},{"value":134.5,"tweenMethod":"linearNone","tween":true,"target":497,"key":"x","index":50},{"value":61,"tweenMethod":"linearNone","tween":true,"target":497,"key":"x","index":60},{"value":1,"tweenMethod":"linearNone","tween":true,"target":497,"key":"x","index":70},{"value":17,"tweenMethod":"linearNone","tween":true,"target":497,"key":"x","index":75},{"value":67,"tweenMethod":"linearNone","tween":true,"target":497,"label":null,"key":"x","index":80}]}}],"name":"guide","id":1,"frameRate":35,"action":2}],"loadList":["UI/Common/bg.png","UI/GameStart/jindu_di.png","UI/GameStart/jindu_2.png","UI/GameStart/jindu_hui.png","UI/Common/shuzi2.png","UI/GameStart/jindi_huan.png","UI/GameStart/ui_guide.png","UI/GameStart/icon_hand.png","UI/EasterEgg_Aotoman/GameStart/zhazi_2.png","UI/EasterEgg_Aotoman/GameStart/zhuazi_1.png","UI/EasterEgg_Aotoman/GameStart/renwu_xiao.png","Frame/UI/ui_square_007.png","UI/Elect/hutui_xia_icon.png","TJ/Promo/image/y1.png","TJ/Promo/image/hb2.png","TJ/Promo/image/rm3.png","UI/GameStart/renwu.png","UI/GameStart/xiandin2.png","UI/Shop/Props/xiandanren.png","UI/GameStart/xiandin1.png","UI/GameStart/pifu.png","UI/GameStart/qiandao.png","UI/EasterEgg_Aotoman/GameStart/zhujiem.png","TJ/Promo/image/jx8.png","UI/Elect/mainpush.png","UI/GameStart/genduo.png","TJ/Promo/image/tishi.png","TJ/Promo/image/di2.png","TJ/Promo/image/kk1.png","TJ/Promo/image/new2.png","TJ/Promo/image/remen1.png","TJ/Promo/image/tuijian2.png"],"loadList3D":[]}