{"type":"View","props":{"width":720,"height":1280},"compId":2,"child":[{"type":"Image","props":{"y":1114,"x":360,"width":339,"var":"BtnStart","skin":"Frame/UI/ui_square_c_007.png","sizeGrid":"50,25,41,48","pivotY":72,"pivotX":170,"name":"BtnStart","height":144},"compId":4,"child":[{"type":"Label","props":{"y":37.5,"x":53,"width":217,"valign":"middle","text":"开始游戏","height":71,"fontSize":50,"align":"right"},"compId":5}]},{"type":"Script","props":{"runtime":"script/Game/UIStart.ts"},"compId":6}],"loadList":["Frame/UI/ui_square_c_007.png"],"loadList3D":[]}