{"type":"View","props":{"width":720,"height":1280},"compId":2,"child":[{"type":"Image","props":{"y":998,"x":360,"width":360,"var":"BtnStart","skin":"Game/UI/UIStart/kaishi.png","sizeGrid":"50,25,41,48","pivotY":75,"pivotX":180,"name":"BtnStart","height":149},"compId":4},{"type":"Script","props":{"runtime":"script/Game/UIStart.ts"},"compId":6},{"type":"Sprite","props":{"y":738,"x":656,"width":114,"var":"BtnCard","texture":"Game/UI/UIStart/kapai.png","pivotY":63,"pivotX":57,"name":"BtnCard","height":125},"compId":9},{"type":"Sprite","props":{"y":876,"x":656,"width":114,"var":"BtnDrawCard","texture":"Game/UI/UIStart/shilian.png","pivotY":62,"pivotX":57,"name":"BtnDrawCard","height":124},"compId":10},{"type":"Sprite","props":{"y":737,"x":66,"width":114,"var":"BtnChickIn","texture":"Game/UI/UIStart/qiandao.png","pivotY":62,"pivotX":57,"name":"BtnChickIn","height":124},"compId":11},{"type":"Sprite","props":{"y":877,"x":67,"width":114,"var":"BtnQualifyCard","texture":"Game/UI/UIStart/katao.png","pivotY":63,"pivotX":57,"name":"BtnQualifyCard","height":125},"compId":12},{"type":"Sprite","props":{"y":598,"x":656,"width":114,"var":"BtnRanking","texture":"Game/UI/UIStart/paihang.png","pivotY":63,"pivotX":57,"name":"BtnRanking","height":125},"compId":13},{"type":"Sprite","props":{"y":540,"x":0,"texture":"Game/UI/UIStart/gengduo.png"},"compId":493}],"loadList":["Game/UI/UIStart/kaishi.png","Game/UI/UIStart/kapai.png","Game/UI/UIStart/shilian.png","Game/UI/UIStart/qiandao.png","Game/UI/UIStart/katao.png","Game/UI/UIStart/paihang.png","Game/UI/UIStart/gengduo.png"],"loadList3D":[]}