{"type":"View","props":{"width":720,"height":1280},"compId":2,"child":[{"type":"Image","props":{"y":998,"x":360,"width":360,"var":"BtnStart","skin":"Game/UI/UIStart/kaishi.png","sizeGrid":"50,25,41,48","pivotY":75,"pivotX":180,"name":"BtnStart","height":149},"compId":4},{"type":"Script","props":{"runtime":"script/Game/UIStart.ts"},"compId":6},{"type":"Sprite","props":{"y":758,"x":656,"width":114,"var":"BtnCard","texture":"Game/UI/UIStart/kapai.png","pivotY":63,"pivotX":57,"name":"BtnCard","height":125},"compId":9},{"type":"Sprite","props":{"y":896,"x":656,"width":114,"var":"BtnDrawCard","texture":"Game/UI/UIStart/shilian.png","pivotY":62,"pivotX":57,"name":"BtnDrawCard","height":124},"compId":10},{"type":"Sprite","props":{"y":757,"x":66,"width":114,"var":"BtnChickIn","texture":"Game/UI/UIStart/qiandao.png","pivotY":62,"pivotX":57,"name":"BtnChickIn","height":124},"compId":11},{"type":"Sprite","props":{"y":897,"x":67,"width":114,"var":"BtnQualifyCard","texture":"Game/UI/UIStart/katao.png","pivotY":63,"pivotX":57,"name":"BtnQualifyCard","height":125},"compId":12},{"type":"Sprite","props":{"y":618,"x":656,"width":114,"var":"BtnRanking","texture":"Game/UI/UIStart/paihang.png","pivotY":63,"pivotX":57,"name":"BtnRanking","height":125},"compId":13},{"type":"Sprite","props":{"y":540,"x":0,"texture":"Game/UI/UIStart/gengduo.png"},"compId":493},{"type":"Sprite","props":{"y":278,"x":101,"width":510,"var":"LevelDisplay","name":"LevelDisplay","height":168},"compId":512,"child":[{"type":"Sprite","props":{"y":-86,"x":-28,"texture":"Game/UI/UIStart/zhentan-di.png","alpha":1},"compId":496},{"type":"Image","props":{"y":74,"x":43,"width":406,"skin":"Game/UI/UIStart/zhentan-tiao1.png","sizeGrid":"0,9,0,10","height":15},"compId":513},{"type":"Sprite","props":{"y":201,"x":1,"var":"Progress","texture":"Game/UI/UIStart/jindu-1.png","name":"Progress"},"compId":538,"child":[{"type":"Sprite","props":{"y":0,"x":0,"width":460,"var":"ProgressBar","texture":"Game/UI/UIStart/jindu-2.png","name":"ProgressBar","height":24},"compId":539,"child":[{"type":"Sprite","props":{"y":0,"x":-460,"width":460,"texture":"Game/UI/UIStart/jindu-2.png","renderType":"mask","name":"Mask","height":24},"compId":540}]},{"type":"Label","props":{"y":-6.5,"x":460,"width":60,"var":"Percent","valign":"middle","text":"50%","name":"Percent","height":37,"fontSize":22,"color":"#f5820d","bold":true,"align":"center"},"compId":542}]},{"type":"Sprite","props":{"y":0,"x":9,"width":506,"var":"LevelStyle","name":"LevelStyle","height":171,"cacheAs":"none"},"compId":514,"child":[{"type":"Image","props":{"y":40,"x":401,"width":75,"name":"location_4","height":121},"compId":519,"child":[{"type":"Image","props":{"y":34,"x":-36,"width":81,"skin":"Game/UI/UIStart/zhentan-tiao2.png","sizeGrid":"0,16,0,7","name":"Color","height":15,"gray":false},"compId":520},{"type":"Image","props":{"y":34,"x":40,"width":101,"var":"LvIcon4","skin":"Game/UI/UIStart/zhentan-huanguang2.png","pivotY":44,"pivotX":51,"name":"LvIcon4","height":88},"compId":521},{"type":"Image","props":{"y":91,"x":15.5,"value":"0","spaceX":-10,"skin":"Game/UI/UIStart/zhentan-1.png","sheet":"0123456789","name":"Num","align":"center"},"compId":534}]},{"type":"Image","props":{"y":37,"x":267,"width":75,"name":"location_3","height":118},"compId":523,"child":[{"type":"Image","props":{"y":37,"x":-26,"width":127,"skin":"Game/UI/UIStart/zhentan-tiao2.png","sizeGrid":"0,16,0,7","name":"Color","height":15},"compId":524},{"type":"Image","props":{"y":42,"x":37,"width":74,"var":"LvIcon3","skin":"Game/UI/UIStart/zhentan-pai1.png","pivotY":42,"pivotX":37,"name":"LvIcon3","height":84},"compId":525},{"type":"Image","props":{"y":96,"x":16,"value":"15","spaceX":-10,"skin":"Game/UI/UIStart/zhentan-2.png","sheet":"0123456789","name":"Num","align":"center"},"compId":526}]},{"type":"Image","props":{"y":36,"x":134,"width":86,"name":"location_2","height":125},"compId":527,"child":[{"type":"Image","props":{"y":38,"x":-19.5,"width":127,"skin":"Game/UI/UIStart/zhentan-tiao2.png","sizeGrid":"0,16,0,7","name":"Color","height":15},"compId":528},{"type":"Image","props":{"y":42,"x":44,"width":74,"var":"LvIcon2","skin":"Game/UI/UIStart/zhentan-pai1.png","pivotY":42,"pivotX":37,"name":"LvIcon2","height":84},"compId":529},{"type":"Image","props":{"y":98,"x":24,"value":"15","spaceX":-10,"skin":"Game/UI/UIStart/zhentan-4.png","sheet":"0123456789","name":"Num","align":"center"},"compId":530}]},{"type":"Image","props":{"y":36,"x":19,"width":75,"name":"location_1","height":119},"compId":531,"child":[{"type":"Image","props":{"y":38,"x":34,"width":76,"skin":"Game/UI/UIStart/zhentan-tiao2.png","sizeGrid":"0,16,0,7","name":"Color","height":15},"compId":535},{"type":"Image","props":{"y":43,"x":37,"width":74,"var":"LvIcon1","skin":"Game/UI/UIStart/zhentan-pai1.png","pivotY":42,"pivotX":37,"name":"LvIcon1","height":84},"compId":532},{"type":"Image","props":{"y":98,"x":15.5,"value":"15","spaceX":-10,"skin":"Game/UI/UIStart/zhentan-8.png","sheet":"0123456789","name":"Num","align":"center"},"compId":533}]}]}]}],"loadList":["Game/UI/UIStart/kaishi.png","Game/UI/UIStart/kapai.png","Game/UI/UIStart/shilian.png","Game/UI/UIStart/qiandao.png","Game/UI/UIStart/katao.png","Game/UI/UIStart/paihang.png","Game/UI/UIStart/gengduo.png","Game/UI/UIStart/zhentan-di.png","Game/UI/UIStart/zhentan-tiao1.png","Game/UI/UIStart/jindu-1.png","Game/UI/UIStart/jindu-2.png","Game/UI/UIStart/zhentan-tiao2.png","Game/UI/UIStart/zhentan-huanguang2.png","Game/UI/UIStart/zhentan-1.png","Game/UI/UIStart/zhentan-pai1.png","Game/UI/UIStart/zhentan-2.png","Game/UI/UIStart/zhentan-4.png","Game/UI/UIStart/zhentan-8.png"],"loadList3D":[]}