{"type":"View","props":{"width":720,"height":1280},"compId":2,"child":[{"type":"Image","props":{"y":-1,"x":0,"width":720,"var":"Background","skin":"Frame/UI/ui_orthogon_black.png","sizeGrid":"5,6,5,10","name":"Background","height":1280,"alpha":0.7},"compId":8},{"type":"Sprite","props":{"y":516,"x":355,"width":594,"var":"SceneContent","pivotY":451,"pivotX":288,"name":"SceneContent","height":930,"alpha":1},"compId":10,"child":[{"type":"Image","props":{"y":47,"x":182,"skin":"Game/UI/UIVictoryBox/liwu.png","sizeGrid":"0,57,0,67"},"compId":84},{"type":"Image","props":{"y":193,"x":-3,"width":602,"skin":"Game/UI/Common/di.png","sizeGrid":"105,28,130,34","height":738,"alpha":1},"compId":62},{"type":"Sprite","props":{"y":217,"x":155.5,"texture":"Game/UI/UIVictoryBox/biaoti.png"},"compId":85},{"type":"List","props":{"y":272,"x":2,"width":587,"var":"MyList","spaceY":-52,"spaceX":-54,"repeatY":3,"repeatX":3,"name":"MyList","height":571},"compId":73,"child":[{"type":"Box","props":{"y":114,"x":118,"width":235,"renderType":"render","pivotY":114,"pivotX":118,"height":227},"compId":72,"child":[{"type":"Image","props":{"y":31,"x":36,"skin":"Game/UI/UIVictoryBox/di.png","name":"BordPic"},"compId":67},{"type":"Image","props":{"y":56.5,"x":74.5,"skin":"Game/UI/Common/jinbi.png","name":"Pic_Gold"},"compId":70},{"type":"Label","props":{"y":153,"x":114,"width":88,"valign":"middle","text":"x999","pivotY":19,"pivotX":44,"name":"Num","height":41,"fontSize":35,"font":"Microsoft YaHei","color":"#d66c59","bold":true,"align":"center"},"compId":71},{"type":"Image","props":{"y":111,"x":114,"skin":"Game/UI/UIVictoryBox/baoxiang2.png","pivotY":50,"pivotX":60,"name":"Pic_Box"},"compId":69},{"type":"Script","props":{"runtime":"script/Game/UIVictoryBox_Cell.ts"},"compId":80},{"type":"Sprite","props":{"y":31,"x":36,"visible":false,"var":"Automan","name":"Automan"},"compId":91,"child":[{"type":"Image","props":{"y":66,"x":33},"compId":90}]},{"type":"Image","props":{"y":25,"x":30,"var":"Select","name":"Select"},"compId":87}]}]},{"type":"Sprite","props":{"y":834,"x":664,"width":319,"var":"WeChat","name":"WeChat","height":195},"compId":101,"child":[{"type":"Sprite","props":{"y":181,"x":144,"width":121,"var":"BtnNo_WeChat","texture":"Game/UI/Common/xiayiguan.png","pivotY":15,"pivotX":61,"name":"BtnNo_WeChat","height":29},"compId":77},{"type":"Sprite","props":{"y":71,"x":126,"var":"BtnAgain_WeChat","texture":"Game/UI/Common/anniu.png","pivotY":63,"pivotX":117,"name":"BtnAgain_WeChat"},"compId":74,"child":[{"type":"Sprite","props":{"y":40,"x":37,"texture":"Game/UI/Common/zaikai.png","name":"Dis"},"compId":75},{"type":"Sprite","props":{"y":19,"x":192,"texture":"Game/UI/Common/x.png","name":"AdvPic"},"compId":76}]}]},{"type":"Sprite","props":{"y":841,"x":129,"width":341,"var":"Bytedance","name":"Bytedance","height":294},"compId":92,"child":[{"type":"Sprite","props":{"y":198,"x":168,"width":288,"var":"BtnNo_Bytedance","texture":"Game/UI/Common/anniu.png","pivotY":64,"pivotX":144,"name":"BtnNo_Bytedance","height":128},"compId":95,"child":[{"type":"Sprite","props":{"y":41,"x":83,"texture":"Game/UI/Common/xiayiguan.png","name":"Dis"},"compId":96}]},{"type":"Sprite","props":{"y":198,"x":168,"width":288,"var":"BtnAgain_Bytedance","texture":"Game/UI/Common/anniu.png","pivotY":64,"pivotX":144,"name":"BtnAgain_Bytedance","height":128},"compId":93,"child":[{"type":"Sprite","props":{"y":41,"x":64.5,"texture":"Game/UI/Common/zaikai.png","name":"Dis"},"compId":94}]},{"type":"Sprite","props":{"y":26,"x":-30,"width":396,"var":"Select_Bytedance","name":"Select_Bytedance","height":42},"compId":97,"child":[{"type":"Sprite","props":{"y":2,"x":21,"var":"BtnSelect_Bytedance","texture":"Game/UI/Common/yuan-1.png","name":"BtnSelect_Bytedance"},"compId":98,"child":[{"type":"Sprite","props":{"y":6.75,"x":6.75,"var":"Dot_Bytedance","texture":"Game/UI/Common/yuan-2.png","name":"Dot_Bytedance"},"compId":99}]},{"type":"Sprite","props":{"y":3,"x":55,"texture":"Game/UI/UIVictoryBox/3ci.png","name":"Dis"},"compId":100}]}]}]},{"type":"Sprite","props":{"y":284,"x":638,"width":76,"var":"BtnClose","texture":"Game/UI/Common/x.png","pivotY":38,"pivotX":38,"name":"BtnClose","height":75},"compId":103},{"type":"Script","props":{"runtime":"script/Game/UIVictoryBox.ts"},"compId":78}],"loadList":["Frame/UI/ui_orthogon_black.png","Game/UI/UIVictoryBox/liwu.png","Game/UI/Common/di.png","Game/UI/UIVictoryBox/biaoti.png","Game/UI/UIVictoryBox/di.png","Game/UI/Common/jinbi.png","Game/UI/UIVictoryBox/baoxiang2.png","Game/UI/Common/xiayiguan.png","Game/UI/Common/anniu.png","Game/UI/Common/zaikai.png","Game/UI/Common/x.png","Game/UI/Common/yuan-1.png","Game/UI/Common/yuan-2.png","Game/UI/UIVictoryBox/3ci.png"],"loadList3D":[]}