{"type":"View","props":{"width":720,"top":0,"right":0,"left":0,"height":1280,"bottom":0},"compId":2,"child":[{"type":"Image","props":{"var":"Background","skin":"Frame/UI/ui_orthogon_black.png","sizeGrid":"39,23,30,22","name":"Background","alpha":0.7},"compId":17},{"type":"Label","props":{"y":358,"x":360,"width":199,"valign":"middle","text":"胜利","pivotY":31,"pivotX":100,"height":61,"fontSize":50,"color":"#ffffff","bold":true,"align":"center"},"compId":65},{"type":"Image","props":{"y":1020,"x":360,"width":290,"var":"BtnBack","skin":"Frame/UI/ui_square_c_007.png","sizeGrid":"44,35,37,39","pivotY":68,"pivotX":145,"name":"BtnBack","height":136},"compId":63,"child":[{"type":"Label","props":{"y":43,"x":39,"width":199,"valign":"middle","text":"返回","height":61,"fontSize":50,"bold":true,"align":"center"},"compId":64}]},{"type":"Script","props":{"runtime":"script/Game/UIVictory.ts"},"compId":66}],"loadList":["Frame/UI/ui_orthogon_black.png","Frame/UI/ui_square_c_007.png"],"loadList3D":[]}