{"type":"View","props":{"width":720,"top":0,"right":0,"left":0,"height":1280,"bottom":0},"compId":2,"child":[{"type":"Script","props":{"y":0,"x":0,"runtime":"script/Game/UIVictory.ts"},"compId":15},{"type":"Image","props":{"var":"Background","skin":"Frame/UI/ui_orthogon_black.png","sizeGrid":"39,23,30,22","name":"Background","alpha":0.7},"compId":17},{"type":"Sprite","props":{"y":162,"x":359,"width":380,"var":"Logo","texture":"Game/UI/UIVictory/chenggong.png","pivotY":85,"pivotX":190,"name":"Logo","height":169},"compId":4},{"type":"Sprite","props":{"y":315,"x":360,"width":263,"var":"GlodNum","pivotY":43,"pivotX":132,"name":"GlodNum","height":86},"compId":5,"child":[{"type":"Sprite","props":{"y":7.5,"x":12,"texture":"Game/UI/Common/jinbi.png","scaleY":1.1,"scaleX":1.1},"compId":8},{"type":"Label","props":{"y":24.5,"x":74,"width":193,"valign":"middle","text":"+100","strokeColor":"#ffffff","stroke":6,"name":"Num","height":54,"fontSize":55,"color":"#308308","bold":true,"align":"center"},"compId":9}]},{"type":"Sprite","props":{"y":1310,"x":360,"width":341,"var":"WeChat","name":"WeChat","height":207},"compId":25,"child":[{"type":"Sprite","props":{"y":122,"x":171,"width":288,"var":"BtnNormal_WeChat","texture":"Game/UI/Common/anniu1.png","pivotY":64,"pivotX":144,"name":"BtnNormal_WeChat","height":128},"compId":21,"child":[{"type":"Sprite","props":{"y":44.5,"x":65,"texture":"Game/UI/Common/congxin.png","name":"Dis"},"compId":23}]},{"type":"Sprite","props":{"y":0,"x":18,"width":306,"name":"Select","height":42},"compId":7,"child":[{"type":"Sprite","props":{"y":2,"x":21,"var":"BtnSelect_Wechat","texture":"Game/UI/Common/yuan.png","name":"BtnSelect_Wechat"},"compId":12,"child":[{"type":"Sprite","props":{"y":8.75,"x":7.75,"var":"Dot_WeChat","texture":"Game/UI/Common/yuan2.png","name":"Dot_WeChat"},"compId":13}]},{"type":"Sprite","props":{"y":3,"x":57,"var":"Dis","texture":"Game/UI/Common/ads3word.png","name":"Dis"},"compId":14}]},{"type":"Sprite","props":{"y":122,"x":171,"width":288,"var":"BtnAdv_WeChat","texture":"Game/UI/Common/anniu.png","pivotY":64,"pivotX":144,"name":"BtnAdv_Wechat","height":128},"compId":6,"child":[{"type":"Sprite","props":{"y":12.5,"x":205,"texture":"Game/UI/Common/jinbi.png","name":"AdvPic"},"compId":10},{"type":"Sprite","props":{"y":44.5,"x":33,"texture":"Game/UI/Common/xiayiguan.png","name":"Dis"},"compId":11}]}]},{"type":"Sprite","props":{"y":1080,"x":760,"width":341,"var":"OPPO","name":"OPPO","height":200},"compId":26,"child":[{"type":"Sprite","props":{"y":68,"x":170.5,"width":288,"var":"BtnAdv_OPPO","texture":"Game/UI/Common/anniu1.png","pivotY":64,"pivotX":144,"name":"BtnAdv_OPPO","height":128},"compId":33,"child":[{"type":"Sprite","props":{"y":12.5,"x":205,"texture":"Game/UI/Common/jinbi.png","name":"Adv"},"compId":34},{"type":"Sprite","props":{"y":44.5,"x":33,"texture":"Game/UI/Common/congxin.png"},"compId":35}]},{"type":"Sprite","props":{"y":166,"x":110,"var":"BtnNormal_OPPO","texture":"Game/UI/Common/qiandao.png","name":"BtnNormal_OPPO"},"compId":36}]},{"type":"Sprite","props":{"y":971,"x":357.5,"width":341,"var":"Bytedance","name":"Bytedance","height":207},"compId":37,"child":[{"type":"Sprite","props":{"y":122,"x":170.5,"var":"BtnNext_Bytedance","texture":"Game/UI/Common/anniu.png","pivotY":64,"pivotX":144,"name":"BtnNext_Bytedance"},"compId":38,"child":[{"type":"Sprite","props":{"y":37,"x":84,"texture":"Game/UI/Common/xiayiguan.png"},"compId":39}]},{"type":"Sprite","props":{"y":12,"x":1,"width":306,"name":"Select","height":42},"compId":40,"child":[{"type":"Sprite","props":{"y":2,"x":21,"var":"BtnSelect_Bytedance","texture":"Game/UI/Common/yuan.png","name":"BtnSelect_Bytedance"},"compId":41,"child":[{"type":"Sprite","props":{"y":6.75,"x":7.75,"var":"Dot_Bytedance","texture":"Game/UI/Common/yuan2.png","name":"Dot_Bytedance"},"compId":42}]},{"type":"Sprite","props":{"y":5,"x":57,"texture":"Game/UI/Common/ads3word.png"},"compId":43}]}]},{"type":"Image","props":{"y":1089,"x":200.5,"width":288,"var":"BtnShare","pivotY":60,"pivotX":144,"name":"BtnShare","height":120},"compId":64,"child":[{"type":"Sprite","props":{"y":1,"x":0,"texture":"Game/UI/Common/anniu1.png"},"compId":70},{"type":"Sprite","props":{"y":35,"x":82,"texture":"Game/UI/UIVictory/fa.png"},"compId":67}]},{"type":"Image","props":{"y":1002,"x":95,"width":163,"var":"Tag","skin":"Game/UI/UIVictory/qipao.png","pivotY":28,"pivotX":82,"name":"Tag","height":56},"compId":68},{"type":"Sprite","props":{"y":88,"x":104,"width":214,"var":"GoldNode","pivotY":31,"pivotX":107,"name":"GoldNode","height":62},"compId":492,"child":[{"type":"Sprite","props":{"y":3,"x":2,"texture":"Game/UI/UIVictory/jinbidi.png"},"compId":493},{"type":"Sprite","props":{"y":-6,"x":8,"texture":"Game/UI/Common/jinbi.png"},"compId":494},{"type":"Label","props":{"y":14,"x":101,"width":75,"text":"100","name":"Num","height":34,"fontSize":35,"color":"#77b542","bold":true},"compId":495}]}],"loadList":["Frame/UI/ui_orthogon_black.png","Game/UI/UIVictory/chenggong.png","Game/UI/Common/jinbi.png","Game/UI/Common/anniu1.png","Game/UI/Common/congxin.png","Game/UI/Common/yuan.png","Game/UI/Common/yuan2.png","Game/UI/Common/ads3word.png","Game/UI/Common/anniu.png","Game/UI/Common/xiayiguan.png","Game/UI/Common/qiandao.png","Game/UI/UIVictory/fa.png","Game/UI/UIVictory/qipao.png","Game/UI/UIVictory/jinbidi.png"],"loadList3D":[]}