{"type":"Sprite","props":{"y":0,"x":0,"width":120,"texture":"Frame/UI/ui_orthogon_wihet.png","presetID":1,"pivotY":90,"pivotX":60,"isPresetRoot":true,"height":180},"compId":26,"child":[{"type":"Sprite","props":{"zOrder":1,"width":120,"texture":"Game/UI/UIDrawCard/Card/01.png","presetID":2,"name":"Pic","height":180},"compId":28},{"type":"Image","props":{"zOrder":2,"y":0,"x":0,"width":120,"skin":"Frame/UI/ui_orthogon_wihet.png","presetID":3,"name":"Reflect","height":180},"compId":29,"child":[{"type":"Image","props":{"y":180,"x":154,"width":315,"skin":"Frame/UI/ui__l_orthogon_yellow.png","sizeGrid":"17,11,18,10","rotation":-47,"renderType":"mask","presetID":4,"pivotY":18,"pivotX":158,"name":"Mask","height":36,"alpha":0.8},"compId":30}]}],"loadList":["Frame/UI/ui_orthogon_wihet.png","Game/UI/UIDrawCard/Card/01.png","Frame/UI/ui__l_orthogon_yellow.png"],"loadList3D":[]}