{"type":"Image","props":{"y":0,"x":0,"width":124,"presetID":1,"pivotY":87,"pivotX":62,"isPresetRoot":true,"height":174},"compId":78,"child":[{"type":"Image","props":{"y":0,"x":0,"width":125,"var":"Board","skin":"Game/UI/UIDrawCard/kuang.png","sizeGrid":"26,29,23,30","presetID":6,"name":"Board","height":175},"compId":82},{"type":"Image","props":{"y":8,"x":8,"width":109,"skin":"Game/UI/UIDrawCard/R.png","presetID":7,"name":"Back","height":159},"compId":83},{"type":"Image","props":{"zOrder":1,"y":8,"x":8,"width":109,"skin":"Game/UI/UIDrawCard/Card/atm1.jpg","presetID":2,"name":"Pic","height":159},"compId":28},{"type":"Image","props":{"zOrder":2,"y":8,"x":8,"width":109,"presetID":3,"name":"Reflect","height":159},"compId":29,"child":[{"type":"Image","props":{"y":0,"x":-1,"width":111,"skin":"Frame/UI/ui__l_orthogon_white.png","sizeGrid":"18,35,11,26","renderType":"mask","presetID":8,"name":"Mask","height":159},"compId":84},{"type":"Image","props":{"y":-11,"x":-13,"width":135,"var":"Guang","skin":"Frame/UI/ui__l_orthogon_white.png","sizeGrid":"18,16,11,15","presetID":9,"name":"Guang","height":181,"alpha":0},"compId":85},{"type":"Image","props":{"y":-9,"x":-21,"width":235,"skin":"Game/UI/UIDrawCard/guang-3.png","sizeGrid":"17,11,18,10","rotation":-85,"presetID":4,"pivotY":108,"pivotX":109,"name":"LiuGuang","height":216,"alpha":1},"compId":30}]},{"type":"Sprite","props":{"zOrder":10,"y":150,"x":102,"width":65,"visible":false,"texture":"Game/UI/UIDrawCard/xin.png","presetID":5,"pivotY":25,"pivotX":33,"name":"New","height":50},"compId":79}],"loadList":["Game/UI/UIDrawCard/kuang.png","Game/UI/UIDrawCard/R.png","Game/UI/UIDrawCard/Card/atm1.jpg","Frame/UI/ui__l_orthogon_white.png","Game/UI/UIDrawCard/guang-3.png","Game/UI/UIDrawCard/xin.png"],"loadList3D":[]}