{"type":"Sprite","props":{"y":0,"x":0,"width":256,"presetID":1,"pivotY":69,"pivotX":128,"isPresetRoot":true,"height":138},"compId":107,"child":[{"type":"Image","props":{"y":53,"x":128,"width":256,"var":"Board","skin":"Frame/UI/ui_square_007.png","sizeGrid":"40,28,31,35","scaleX":-1,"presetID":2,"pivotY":53,"pivotX":128,"name":"Board","height":110},"compId":108},{"type":"Label","props":{"y":56,"x":128,"width":211,"var":"Content","valign":"middle","text":"给我来个帅气头","presetID":3,"pivotY":30,"pivotX":106,"name":"Content","height":59,"fontSize":28,"color":"#fd5c35","bold":true,"align":"center"},"compId":109}],"loadList":["Frame/UI/ui_square_007.png"],"loadList3D":[]}