{"type":"Sprite","props":{"y":0,"x":0,"width":395,"presetID":1,"pivotY":77,"pivotX":198,"name":"DoWell","isPresetRoot":true,"height":154},"compId":66,"child":[{"type":"Label","props":{"y":77,"x":78,"width":103,"valign":"middle","text":"干","stroke":10,"presetID":2,"pivotY":43,"pivotX":52,"height":86,"fontSize":65,"color":"#ffed69","bold":true,"align":"center"},"compId":68},{"type":"Label","props":{"y":77,"x":149,"width":103,"valign":"middle","text":"的","stroke":10,"presetID":3,"pivotY":43,"pivotX":52,"name":"","height":86,"fontSize":65,"color":"#ffed69","bold":true,"align":"center"},"compId":69},{"type":"Label","props":{"y":77,"x":222,"width":103,"valign":"middle","text":"漂","stroke":10,"presetID":4,"pivotY":43,"pivotX":52,"name":"","height":86,"fontSize":65,"color":"#ffed69","bold":true,"align":"center"},"compId":70},{"type":"Label","props":{"y":77,"x":297,"width":103,"valign":"middle","text":"亮","stroke":10,"presetID":5,"pivotY":43,"pivotX":52,"name":"","height":86,"fontSize":65,"color":"#ffed69","bold":true,"align":"center"},"compId":71},{"type":"Label","props":{"y":77,"x":358,"width":103,"valign":"middle","text":"!","stroke":10,"presetID":6,"pivotY":43,"pivotX":52,"name":"","height":86,"fontSize":65,"color":"#ffed69","bold":true,"align":"center"},"compId":73}],"loadList":[],"loadList3D":[]}