{"type":"Image","props":{"y":0,"x":0,"width":174,"skin":"Frame/UI/ui_square_007.png","sizeGrid":"50,34,48,38","presetID":1,"pivotY":28,"pivotX":87,"name":"GoldNode","isPresetRoot":true,"height":56},"compId":486,"child":[{"type":"Image","props":{"y":28,"x":10,"width":77,"skin":"Frame/UI/icon_gold.png","presetID":2,"pivotY":35,"pivotX":44,"name":"Pic","height":71},"compId":489},{"type":"Label","props":{"y":5.5,"x":48,"width":101,"valign":"middle","text":"9345","presetID":3,"name":"Num","height":46,"fontSize":40,"color":"#2b5f14","bold":true,"align":"center"},"compId":490}],"loadList":["Frame/UI/ui_square_007.png","Frame/UI/icon_gold.png"],"loadList3D":[]}