{"type":"Sprite","props":{"y":0,"x":0,"width":720,"presetID":1,"name":"GuessCard","isPresetRoot":true,"height":1280},"compId":48,"child":[{"type":"Image","props":{"y":0,"x":0,"width":720,"skin":"Frame/UI/ui_orthogon_black.png","sizeGrid":"23,21,33,15","presetID":10,"name":"Bg","height":1280},"compId":58},{"type":"Image","props":{"y":1119,"x":205,"width":288,"var":"BtnYes","skin":"Game/UI/GameScene/baidi.png","sizeGrid":"29,18,37,45","presetID":2,"pivotY":50,"pivotX":144,"name":"BtnYes","height":100},"compId":49,"child":[{"type":"Label","props":{"y":21,"x":93.5,"width":101,"valign":"middle","text":"对","presetID":3,"height":58,"fontSize":40,"bold":true,"align":"center"},"compId":53}]},{"type":"Image","props":{"y":1119,"x":520,"width":288,"var":"BtnNo","skin":"Game/UI/GameScene/baidi.png","sizeGrid":"0,53,0,45","presetID":4,"pivotY":50,"pivotX":144,"name":"BtnNo","height":100},"compId":50,"child":[{"type":"Label","props":{"y":32,"x":98,"width":90,"valign":"middle","text":"不对","presetID":5,"height":40,"fontSize":40,"bold":true,"align":"center"},"compId":54}]},{"type":"Image","props":{"y":124,"x":374,"skin":"Game/UI/GameScene/wen.png","sizeGrid":"43,29,60,42","presetID":6,"pivotY":57,"pivotX":153,"name":"QuestionBaord"},"compId":51,"child":[{"type":"Label","props":{"y":54,"x":139,"width":261,"var":"Question","valign":"middle","text":"是长头发吗？","presetID":7,"pivotY":34,"pivotX":131,"name":"Question","height":68,"fontSize":30,"color":"#000000","bold":true,"align":"center"},"compId":56}]},{"type":"Image","props":{"y":569,"x":360,"width":236,"var":"Card","skin":"Game/UI/UIDrawCard/kuang.png","sizeGrid":"40,35,32,46","presetID":8,"pivotY":161,"pivotX":118,"name":"Card","height":321},"compId":52,"child":[{"type":"Image","props":{"y":16,"x":16,"width":204,"skin":"Game/UI/UIDrawCard/Card/atm3.jpg","presetID":11,"name":"Pic","height":289},"compId":86}]}],"loadList":["Frame/UI/ui_orthogon_black.png","Game/UI/GameScene/baidi.png","Game/UI/GameScene/wen.png","Game/UI/UIDrawCard/kuang.png","Game/UI/UIDrawCard/Card/atm3.jpg"],"loadList3D":[]}