{"type":"Sprite","props":{"y":0,"x":0,"width":345,"var":"Hint","presetID":1,"pivotY":23,"pivotX":173,"name":"HintPre","isPresetRoot":true,"height":45},"compId":31,"child":[{"type":"Image","props":{"y":24,"x":182,"width":391,"skin":"Frame/UI/ui_square_c_012.png","sizeGrid":"17,123,16,123","presetID":2,"pivotY":21,"pivotX":194,"name":"pic","height":42,"alpha":1},"compId":28},{"type":"Label","props":{"y":25,"x":185,"width":340,"var":"dec","valign":"middle","text":"金币不够了！","presetID":3,"pivotY":15,"pivotX":170,"name":"dec","italic":false,"height":30,"fontSize":23,"font":"Microsoft YaHei","color":"#ffffff","bold":true,"align":"center"},"compId":29}],"loadList":["Frame/UI/ui_square_c_012.png"],"loadList3D":[]}