{"type":"Sprite","props":{"y":0,"x":0,"width":279,"presetID":1,"pivotY":33,"pivotX":140,"isPresetRoot":true,"height":66},"compId":60,"child":[{"type":"Sprite","props":{"y":-4,"x":0,"width":279,"texture":"Game/UI/GameScene/baidi2.png","presetID":2,"height":75},"compId":62},{"type":"Label","props":{"y":14.5,"x":13.5,"width":252,"var":"Content","valign":"middle","text":"我是老王哥?","presetID":3,"name":"Content","height":39,"fontSize":28,"bold":false,"align":"center"},"compId":61}],"loadList":["Game/UI/GameScene/baidi2.png"],"loadList3D":[]}