{"type":"Image","props":{"y":0,"x":0,"width":174,"sizeGrid":"50,34,48,38","presetID":1,"pivotY":28,"pivotX":87,"name":"PreGold","isPresetRoot":true,"height":56},"compId":492,"child":[{"type":"Sprite","props":{"y":-4,"x":-34.5,"texture":"Game/UI/UIStart/jinbidi.png","presetID":2,"name":"Baord"},"compId":491},{"type":"Image","props":{"y":24,"x":139.5,"skin":"Game/UI/Common/jinbi.png","presetID":3,"pivotY":35,"pivotX":44,"name":"Pic"},"compId":489},{"type":"Label","props":{"y":2,"x":-2,"width":101,"valign":"middle","text":"9345","presetID":4,"name":"Num","height":46,"fontSize":40,"color":"#ffffff","bold":true,"align":"center"},"compId":490}],"loadList":["Game/UI/UIStart/jinbidi.png","Game/UI/Common/jinbi.png"],"loadList3D":[]}