{"type":"Image","props":{"y":0,"x":0,"width":229,"var":"GuessCard","skin":"Frame/UI/ui_square_c_007.png","sizeGrid":"40,35,32,46","presetID":1,"pivotY":137,"pivotX":115,"name":"GuessCard","isPresetRoot":true,"height":273},"compId":18,"child":[{"type":"Label","props":{"y":51,"x":114.5,"width":155,"valign":"middle","text":"小学生1","presetID":2,"pivotY":17,"pivotX":78,"name":"CardName","height":34,"fontSize":30,"bold":true,"align":"center"},"compId":21},{"type":"Image","props":{"y":706,"x":-11,"width":190,"var":"BtnYes","skin":"Frame/UI/ui_square_c_005.png","sizeGrid":"29,18,37,45","presetID":3,"pivotY":54,"pivotX":95,"name":"BtnYes","height":107},"compId":22,"child":[{"type":"Label","props":{"y":33.5,"x":50,"width":90,"valign":"middle","text":"对","presetID":4,"height":40,"fontSize":30,"bold":true,"align":"center"},"compId":24}]},{"type":"Image","props":{"y":706,"x":246,"width":190,"var":"BtnNo","skin":"Frame/UI/ui_square_c_006.png","sizeGrid":"29,18,37,45","presetID":5,"pivotY":54,"pivotX":95,"name":"BtnNo","height":107},"compId":27,"child":[{"type":"Label","props":{"y":33.5,"x":50,"width":90,"valign":"middle","text":"不对","presetID":6,"height":40,"fontSize":30,"bold":true,"align":"center"},"compId":28}]},{"type":"Image","props":{"y":-344,"x":229,"width":431,"skin":"Frame/UI/ui_square_c_007.png","sizeGrid":"43,29,60,42","presetID":9,"pivotY":72,"pivotX":216,"name":"QuestionBaord","height":144},"compId":31,"child":[{"type":"Label","props":{"y":72,"x":222,"width":357,"var":"Question","valign":"middle","text":"是长头发吗？","presetID":7,"pivotY":34,"pivotX":179,"name":"Question","height":68,"fontSize":50,"color":"#000000","align":"center"},"compId":29}]},{"type":"Script","props":{"y":0,"x":0,"presetID":8,"runtime":"script/Game/PreGuessCard.ts"},"compId":30}],"loadList":["Frame/UI/ui_square_c_007.png","Frame/UI/ui_square_c_005.png","Frame/UI/ui_square_c_006.png"],"loadList3D":[]}