{"type":"Image","props":{"y":0,"x":0,"width":270,"sizeGrid":"25,42,27,34","presetID":1,"pivotY":60,"pivotX":135,"name":"Option","isPresetRoot":true,"height":120},"compId":5,"child":[{"type":"Sprite","props":{"y":34.5,"x":-3.5,"texture":"Game/UI/GameScene/baidi2.png","presetID":3},"compId":7},{"type":"Label","props":{"y":46,"x":9,"width":252,"var":"Content","valign":"middle","text":"label","presetID":2,"name":"Content","height":39,"fontSize":30,"bold":false,"align":"center"},"compId":6}],"loadList":["Game/UI/GameScene/baidi2.png"],"loadList3D":[]}