{"type":"Sprite","props":{"width":80,"presetID":1,"name":"Task1","isPresetRoot":true,"height":25},"compId":13,"child":[{"type":"Image","props":{"y":-12,"x":0,"width":80,"skin":"Frame/UI/ui_square_009.png","sizeGrid":"0,14,0,17","presetID":5,"name":"Bottom","height":26},"compId":18},{"type":"Image","props":{"y":-12,"x":0,"width":80,"skin":"Frame/UI/ui_square_007.png","presetID":6,"name":"Bar","height":25},"compId":21}],"loadList":["Frame/UI/ui_square_009.png","Frame/UI/ui_square_007.png"],"loadList3D":[]}